﻿﻿﻿id,ma,ten,diachi,mahuyen,maxa,tenduong,tuyenxebuyt,x,y,districtname
44,T44,Km122,,,,Quốc lộ 80,Bến xe Rạch Giá - Nguyễn Bỉnh Khiêm - Quốc lộ 80 - Bến xe Tri Tôn,,,"Huyện Gò Quao, Tỉnh Kiên Giang"
12,T12,Điểm dừng đón - trả khách - Điểm 01,Số nhà 49 đường 30/4,911,,30/4,Dương Đông - Suối Tranh - Dương Tơ,,,"Huyện Gò Quao, Tỉnh Kiên Giang"
4,T4,Trạm xe buýt,"X4F5+F42, P. An Hoà, Rạch Giá, tỉnh Kiên Giang, Việt Nam",899,30748,,,105.1073404,9.974218578,"Huyện Gò Quao, Tỉnh Kiên Giang"
11,T11,Trạm xe Buýt,"Nguyễn Trung Trực, P. An Hoà, Tp. Rạch Giá, tỉnh Kiên Giang, Việt Nam",899,30748,Nguyễn Trung Trực,,105.1078023,9.974107078,"Huyện Gò Quao, Tỉnh Kiên Giang"
10,T10,Trạm xe Buýt,"Mạc Cửu, Vĩnh Thanh, Rạch Giá, tỉnh Kiên Giang, Việt Nam",899,30733,Mạc Cửu,,105.0858536,10.0155418,"Huyện Gò Quao, Tỉnh Kiên Giang"
9,T9,Trạm xe buýt,"Mạc Cửu, Vĩnh Thông, Tp. Rạch Giá, tỉnh Kiên Giang, Việt Nam",899,30760,Mạc Cửu,,105.0849122,10.03499189,"Huyện Gò Quao, Tỉnh Kiên Giang"
8,T8,Bến xe Rạch Sỏi,"168 Mai Thị Hồng Hạnh, Vĩnh Hoà Hiệp, Châu Thành, tỉnh Kiên Giang, Việt Nam",905,30892,Mai Thị Hồng Hạnh,,105.1287081,9.945203679,"Huyện Gò Quao, Tỉnh Kiên Giang"
7,T7,Trạm xe buýt,"QL80, Mỹ Lâm, Hòn Đất",903,30844,QL80,,105.0733654,10.04986664,"Huyện Gò Quao, Tỉnh Kiên Giang"
6,T6,Trạm xe buýt,"Mai Thị Hồng Hạnh, Vĩnh Hòa Hiệp, Châu Thành",905,30892,Mai Thị Hồng Hạnh,,105.1374085,9.932685722,"Huyện Gò Quao, Tỉnh Kiên Giang"
2,T2,Trạm xe buýt Rạch Giá - Giồng Riềng,"Mai Thị Hồng Hạnh, Vĩnh Hoà Hiệp, Châu Thành",905,30892,Mai Thị Hồng Hạnh,,105.1350027,9.935042808,"Huyện Gò Quao, Tỉnh Kiên Giang"
294,T294,Gần đối diện Km168,,,,Quốc lộ 80,Bến xe Kiên Lương - Quốc lộ 80 - Bến xe Tri Tôn,,,"Huyện Gò Quao, Tỉnh Kiên Giang"
5,T5,Trạm xe buýt,"QL80, Mỹ Lâm, Hòn Đất",903,30844,QL80,,105.0631944,10.06303734,"Huyện Gò Quao, Tỉnh Kiên Giang"
17,T17,Điểm dừng đón - trả khách - Điểm 06,"Gần Bưu điện An Thới, cột điện 475PQ/335/60 đường tỉnh 973",911,,Đường tỉnh 973,Dương Đông - Suối Tranh - Dương Tơ,,,"Huyện Gò Quao, Tỉnh Kiên Giang"
16,T16,Điểm dừng đón - trả khách - Điểm 05,"Gần ngã ba đường vào Bãi Sao, cột điện 475PQ/278/55 đường tỉnh 973",911,,Đường tỉnh 973,Dương Đông - Suối Tranh - Dương Tơ,,,"Huyện Gò Quao, Tỉnh Kiên Giang"
15,T15,Điểm dừng đón - trả khách - Điểm 04,"Gần ngã ba đường tỉnh 973 vào chùa Hộ Quốc, cột điện DVH/2/5 đường tỉnh 973",911,,Đường tỉnh 973,Dương Đông - Suối Tranh - Dương Tơ,,,"Huyện Gò Quao, Tỉnh Kiên Giang"
14,T14,Điểm dừng đón - trả khách - Điểm 03,"Ngọc trai LongBeach, cột điện 474PQ/195 đường Trần Hưng Đạo (ngang cội nguồn)",911,,Trần Hưng Đạo,Dương Đông - Suối Tranh - Dương Tơ,,,"Huyện Gò Quao, Tỉnh Kiên Giang"
13,T13,Điểm dừng đón - trả khách - Điểm 02,"Khách sạn Thiên Hải Sơn, cột điện 474PQ/145 đường Trần Hưng Đạo",911,,Trần Hưng Đạo,Dương Đông - Suối Tranh - Dương Tơ,,,"Huyện Gò Quao, Tỉnh Kiên Giang"
23,T23,Điểm dừng đón - trả khách - Điểm 06,Số 221 đường Nguyễn Trung Trực (tiệm vàng Kim Thanh 2),911,,Nguyễn Trung Trực,Dương Tơ - Suối Tranh - Dương Đông,,,"Huyện Gò Quao, Tỉnh Kiên Giang"
22,T22,Điểm dừng đón - trả khách - Điểm 05,"Gần trường PTTH Phú Quốc, đường Hùng Vương",911,,Hùng Vương,Dương Tơ - Suối Tranh - Dương Đông,,,"Huyện Gò Quao, Tỉnh Kiên Giang"
21,T21,Điểm dừng đón - trả khách - Điểm 04,"Gần trường học Dương Đông, tại cột điện 474PQ/114 đường 30/4",911,,30/4,Dương Tơ - Suối Tranh - Dương Đông,,,"Huyện Gò Quao, Tỉnh Kiên Giang"
3,T3,Bến xe Rạch Giá,"Vĩnh Thanh, Rạch Giá",899,30733,,,105.0830441,10.0187171,"Huyện Gò Quao, Tỉnh Kiên Giang"
20,T20,Điểm dừng đón - trả khách - Điểm 03,"Ngã ba đường vào Sân bay Phú Quốc và đường tỉnh 973, tại cột điện 5-3P2/18 đường tỉnh 973",911,,Đường tỉnh 973,Dương Tơ - Suối Tranh - Dương Đông,,,"Huyện Gò Quao, Tỉnh Kiên Giang"
19,T19,Điểm dừng đón - trả khách - Điểm 02,"Gần ngã ba đường tỉnh 973 vào chùa Hộ Quốc, cột điện 475PQ/296 đường tỉnh 973",911,,Đường tỉnh 973,Dương Tơ - Suối Tranh - Dương Đông,,,"Huyện Gò Quao, Tỉnh Kiên Giang"
18,T18,Điểm dừng đón - trả khách - Điểm 01,"Gần trường THCS An Thới 2, cột điện 475PQ/328A đường tỉnh 973",911,,Đường tỉnh 973,Dương Tơ - Suối Tranh - Dương Đông,,,"Huyện Gò Quao, Tỉnh Kiên Giang"
24,T24,Km14+050,Thị trấn Giồng Riềng,,,Quốc lộ 61,Ngã 3 Minh Lương - Quốc lộ 61 - Ngã 3 Bến Nhứt - Giồng Riềng,,,"Huyện Gò Quao, Tỉnh Kiên Giang"
25,T25,Km14+450,Thị trấn Giồng Riềng,,,Quốc lộ 61,Ngã 3 Minh Lương - Quốc lộ 61 - Ngã 3 Bến Nhứt - Giồng Riềng,,,"Huyện Gò Quao, Tỉnh Kiên Giang"
26,T26,Km14+850,Thị trấn Giồng Riềng,,,Quốc lộ 61,Ngã 3 Minh Lương - Quốc lộ 61 - Ngã 3 Bến Nhứt - Giồng Riềng,,,"Huyện Gò Quao, Tỉnh Kiên Giang"
27,T27,Km15+300,Thị trấn Giồng Riềng,,,Quốc lộ 61,Ngã 3 Minh Lương - Quốc lộ 61 - Ngã 3 Bến Nhứt - Giồng Riềng,,,"Huyện Gò Quao, Tỉnh Kiên Giang"
28,T28,Km15+500,Thị trấn Giồng Riềng,,,Quốc lộ 61,Ngã 3 Minh Lương - Quốc lộ 61 - Ngã 3 Bến Nhứt - Giồng Riềng,,,"Huyện Gò Quao, Tỉnh Kiên Giang"
29,T29,Km16+250,Thị trấn Giồng Riềng,,,Quốc lộ 61,Ngã 3 Minh Lương - Quốc lộ 61 - Ngã 3 Bến Nhứt - Giồng Riềng,,,"Huyện Gò Quao, Tỉnh Kiên Giang"
30,T30,Km17+100,Thị trấn Giồng Riềng,,,Quốc lộ 61,Ngã 3 Minh Lương - Quốc lộ 61 - Ngã 3 Bến Nhứt - Giồng Riềng,,,"Huyện Gò Quao, Tỉnh Kiên Giang"
31,T31,Km17+800,Thị trấn Giồng Riềng,,,Quốc lộ 61,Ngã 3 Minh Lương - Quốc lộ 61 - Ngã 3 Bến Nhứt - Giồng Riềng,,,"Huyện Gò Quao, Tỉnh Kiên Giang"
32,T32,Km18+300,Thị trấn Giồng Riềng,,,Quốc lộ 61,Ngã 3 Minh Lương - Quốc lộ 61 - Ngã 3 Bến Nhứt - Giồng Riềng,,,"Huyện Gò Quao, Tỉnh Kiên Giang"
33,T33,Km19+300,Thị trấn Giồng Riềng,,,Quốc lộ 61,Ngã 3 Minh Lương - Quốc lộ 61 - Ngã 3 Bến Nhứt - Giồng Riềng,,,"Huyện Gò Quao, Tỉnh Kiên Giang"
34,T34,Km19+800,Thị trấn Giồng Riềng,,,Quốc lộ 61,Ngã 3 Minh Lương - Quốc lộ 61 - Ngã 3 Bến Nhứt - Giồng Riềng,,,"Huyện Gò Quao, Tỉnh Kiên Giang"
35,T35,Km20+00,Thị trấn Giồng Riềng,,,Quốc lộ 61,Ngã 3 Minh Lương - Quốc lộ 61 - Ngã 3 Bến Nhứt - Giồng Riềng,,,"Huyện Gò Quao, Tỉnh Kiên Giang"
36,T36,Km20+900,Thị trấn Giồng Riềng,,,Quốc lộ 61,Ngã 3 Minh Lương - Quốc lộ 61 - Ngã 3 Bến Nhứt - Giồng Riềng,,,"Huyện Gò Quao, Tỉnh Kiên Giang"
37,T37,Trạm đối diện Bưu điện huyện Giồng Riềng,Thị trấn Giồng Riềng,,,Quốc lộ 61,Ngã 3 Minh Lương - Quốc lộ 61 - Ngã 3 Bến Nhứt - Giồng Riềng,105.314692,9.909427,"Huyện Gò Quao, Tỉnh Kiên Giang"
38,T38,Trạm đối diện Huyện ủy Giồng Riềng,Thị trấn Giồng Riềng,,,Quốc lộ 61,Ngã 3 Minh Lương - Quốc lộ 61 - Ngã 3 Bến Nhứt - Giồng Riềng,105.314939,9.909823,"Huyện Gò Quao, Tỉnh Kiên Giang"
39,T39,Km0+250 Nguyễn Bỉnh Khiêm,,,,Nguyễn Bỉnh Khiêm,Bến xe Rạch Giá - Nguyễn Bỉnh Khiêm - Quốc lộ 80 - Bến xe Tri Tôn,,,"Huyện Gò Quao, Tỉnh Kiên Giang"
40,T40,Km0+500 Nguyễn Bỉnh Khiêm,,,,Nguyễn Bỉnh Khiêm,Bến xe Rạch Giá - Nguyễn Bỉnh Khiêm - Quốc lộ 80 - Bến xe Tri Tôn,,,"Huyện Gò Quao, Tỉnh Kiên Giang"
41,T41,Nhà chờ gần Cây xăng số 2,,,,Nguyễn Bỉnh Khiêm,Bến xe Rạch Giá - Nguyễn Bỉnh Khiêm - Quốc lộ 80 - Bến xe Tri Tôn,,,"Huyện Gò Quao, Tỉnh Kiên Giang"
42,T42,"Km121+300, số 426",,,,Quốc lộ 80,Bến xe Rạch Giá - Nguyễn Bỉnh Khiêm - Quốc lộ 80 - Bến xe Tri Tôn,,,"Huyện Gò Quao, Tỉnh Kiên Giang"
43,T43,"Km121+300, số 426",,,,Quốc lộ 80,Bến xe Rạch Giá - Nguyễn Bỉnh Khiêm - Quốc lộ 80 - Bến xe Tri Tôn,,,"Huyện Gò Quao, Tỉnh Kiên Giang"
45,T45,Km122+200,,,,Quốc lộ 80,Bến xe Rạch Giá - Nguyễn Bỉnh Khiêm - Quốc lộ 80 - Bến xe Tri Tôn,,,"Huyện Gò Quao, Tỉnh Kiên Giang"
46,T46,Km12+550 số 782,,,,Quốc lộ 80,Bến xe Rạch Giá - Nguyễn Bỉnh Khiêm - Quốc lộ 80 - Bến xe Tri Tôn,,,"Huyện Gò Quao, Tỉnh Kiên Giang"
47,T47,Km12+850,,,,Quốc lộ 80,Bến xe Rạch Giá - Nguyễn Bỉnh Khiêm - Quốc lộ 80 - Bến xe Tri Tôn,,,"Huyện Gò Quao, Tỉnh Kiên Giang"
48,T48,Gần km123+100,,,,Quốc lộ 80,Bến xe Rạch Giá - Nguyễn Bỉnh Khiêm - Quốc lộ 80 - Bến xe Tri Tôn,,,"Huyện Gò Quao, Tỉnh Kiên Giang"
49,T49,Số 1044 gần Km123+450,,,,Quốc lộ 80,Bến xe Rạch Giá - Nguyễn Bỉnh Khiêm - Quốc lộ 80 - Bến xe Tri Tôn,,,"Huyện Gò Quao, Tỉnh Kiên Giang"
50,T50,Trạm trước Phế liệu Phát Đạt số 1164,,,,Quốc lộ 80,Bến xe Rạch Giá - Nguyễn Bỉnh Khiêm - Quốc lộ 80 - Bến xe Tri Tôn,,,"Huyện Gò Quao, Tỉnh Kiên Giang"
51,T51,Km123+750,,,,Quốc lộ 80,Bến xe Rạch Giá - Nguyễn Bỉnh Khiêm - Quốc lộ 80 - Bến xe Tri Tôn,,,"Huyện Gò Quao, Tỉnh Kiên Giang"
52,T52,Km124+500,,,,Quốc lộ 80,Bến xe Rạch Giá - Nguyễn Bỉnh Khiêm - Quốc lộ 80 - Bến xe Tri Tôn,,,"Huyện Gò Quao, Tỉnh Kiên Giang"
53,T53,Trạm trước Uốn tóc Như Thảo số 38,,,,Quốc lộ 80,Bến xe Rạch Giá - Nguyễn Bỉnh Khiêm - Quốc lộ 80 - Bến xe Tri Tôn,,,"Huyện Gò Quao, Tỉnh Kiên Giang"
54,T54,Trạm gần Km125+150,,,,Quốc lộ 80,Bến xe Rạch Giá - Nguyễn Bỉnh Khiêm - Quốc lộ 80 - Bến xe Tri Tôn,,,"Huyện Gò Quao, Tỉnh Kiên Giang"
55,T55,Km125+900,,,,Quốc lộ 80,Bến xe Rạch Giá - Nguyễn Bỉnh Khiêm - Quốc lộ 80 - Bến xe Tri Tôn,,,"Huyện Gò Quao, Tỉnh Kiên Giang"
56,T56,Trạm trước Honda Thành Tâm gần Km126+400,,,,Quốc lộ 80,Bến xe Rạch Giá - Nguyễn Bỉnh Khiêm - Quốc lộ 80 - Bến xe Tri Tôn,,,"Huyện Gò Quao, Tỉnh Kiên Giang"
57,T57,Nhà chờ Km126+900,,,,Quốc lộ 80,Bến xe Rạch Giá - Nguyễn Bỉnh Khiêm - Quốc lộ 80 - Bến xe Tri Tôn,,,"Huyện Gò Quao, Tỉnh Kiên Giang"
58,T58,Trạm gần Km127+400,,,,Quốc lộ 80,Bến xe Rạch Giá - Nguyễn Bỉnh Khiêm - Quốc lộ 80 - Bến xe Tri Tôn,,,"Huyện Gò Quao, Tỉnh Kiên Giang"
59,T59,Trạm gần Km128,,,,Quốc lộ 80,Bến xe Rạch Giá - Nguyễn Bỉnh Khiêm - Quốc lộ 80 - Bến xe Tri Tôn,,,"Huyện Gò Quao, Tỉnh Kiên Giang"
60,T60,Km128+300,,,,Quốc lộ 80,Bến xe Rạch Giá - Nguyễn Bỉnh Khiêm - Quốc lộ 80 - Bến xe Tri Tôn,,,"Huyện Gò Quao, Tỉnh Kiên Giang"
61,T61,Km128+950,,,,Quốc lộ 80,Bến xe Rạch Giá - Nguyễn Bỉnh Khiêm - Quốc lộ 80 - Bến xe Tri Tôn,,,"Huyện Gò Quao, Tỉnh Kiên Giang"
62,T62,Trạm đối diện doanh trại quân đội gần Km129+500,,,,Quốc lộ 80,Bến xe Rạch Giá - Nguyễn Bỉnh Khiêm - Quốc lộ 80 - Bến xe Tri Tôn,,,"Huyện Gò Quao, Tỉnh Kiên Giang"
63,T63,Km130,,,,Quốc lộ 80,Bến xe Rạch Giá - Nguyễn Bỉnh Khiêm - Quốc lộ 80 - Bến xe Tri Tôn,,,"Huyện Gò Quao, Tỉnh Kiên Giang"
64,T64,Trạm đối diện Trường Trung học Mỹ Hưng,,,,Quốc lộ 80,Bến xe Rạch Giá - Nguyễn Bỉnh Khiêm - Quốc lộ 80 - Bến xe Tri Tôn,,,"Huyện Gò Quao, Tỉnh Kiên Giang"
65,T65,Km130+800,,,,Quốc lộ 80,Bến xe Rạch Giá - Nguyễn Bỉnh Khiêm - Quốc lộ 80 - Bến xe Tri Tôn,,,"Huyện Gò Quao, Tỉnh Kiên Giang"
66,T66,Km131+500,,,,Quốc lộ 80,Bến xe Rạch Giá - Nguyễn Bỉnh Khiêm - Quốc lộ 80 - Bến xe Tri Tôn,,,"Huyện Gò Quao, Tỉnh Kiên Giang"
67,T67,Km131+900,,,,Quốc lộ 80,Bến xe Rạch Giá - Nguyễn Bỉnh Khiêm - Quốc lộ 80 - Bến xe Tri Tôn,,,"Huyện Gò Quao, Tỉnh Kiên Giang"
68,T68,Trạm đối diện gần Km132+500,,,,Quốc lộ 80,Bến xe Rạch Giá - Nguyễn Bỉnh Khiêm - Quốc lộ 80 - Bến xe Tri Tôn,,,"Huyện Gò Quao, Tỉnh Kiên Giang"
69,T69,Trạm gần Km133,,,,Quốc lộ 80,Bến xe Rạch Giá - Nguyễn Bỉnh Khiêm - Quốc lộ 80 - Bến xe Tri Tôn,,,"Huyện Gò Quao, Tỉnh Kiên Giang"
70,T70,Trạm gần Km133+600 Kho Hải Sơn,,,,Quốc lộ 80,Bến xe Rạch Giá - Nguyễn Bỉnh Khiêm - Quốc lộ 80 - Bến xe Tri Tôn,,,"Huyện Gò Quao, Tỉnh Kiên Giang"
71,T71,Km134,,,,Quốc lộ 80,Bến xe Rạch Giá - Nguyễn Bỉnh Khiêm - Quốc lộ 80 - Bến xe Tri Tôn,,,"Huyện Gò Quao, Tỉnh Kiên Giang"
72,T72,Trạm gần Km133+500,,,,Quốc lộ 80,Bến xe Rạch Giá - Nguyễn Bỉnh Khiêm - Quốc lộ 80 - Bến xe Tri Tôn,,,"Huyện Gò Quao, Tỉnh Kiên Giang"
73,T73,Nhà chờ trước Bưu điện Sóc Xoài,,,,Quốc lộ 80,Bến xe Rạch Giá - Nguyễn Bỉnh Khiêm - Quốc lộ 80 - Bến xe Tri Tôn,,,"Huyện Gò Quao, Tỉnh Kiên Giang"
74,T74,Trạm gần Km135+650 Honda Bảy Xem,,,,Quốc lộ 80,Bến xe Rạch Giá - Nguyễn Bỉnh Khiêm - Quốc lộ 80 - Bến xe Tri Tôn,,,"Huyện Gò Quao, Tỉnh Kiên Giang"
75,T75,Trạm gần Km135+850,,,,Quốc lộ 80,Bến xe Rạch Giá - Nguyễn Bỉnh Khiêm - Quốc lộ 80 - Bến xe Tri Tôn,,,"Huyện Gò Quao, Tỉnh Kiên Giang"
76,T76,Km14+00,Thị trấn Giồng Riềng,,,Quốc lộ 61,Giồng Riềng - Ngã 3 Bến Nhứt - Quốc lộ 61 - Ngã 3 Minh Lương,,,"Huyện Gò Quao, Tỉnh Kiên Giang"
77,T77,Km14+400,,,,Quốc lộ 61,Giồng Riềng - Ngã 3 Bến Nhứt - Quốc lộ 61 - Ngã 3 Minh Lương,,,"Huyện Gò Quao, Tỉnh Kiên Giang"
78,T78,Km14+750,,,,Quốc lộ 61,Giồng Riềng - Ngã 3 Bến Nhứt - Quốc lộ 61 - Ngã 3 Minh Lương,,,"Huyện Gò Quao, Tỉnh Kiên Giang"
79,T79,Km15+350,,,,Quốc lộ 61,Giồng Riềng - Ngã 3 Bến Nhứt - Quốc lộ 61 - Ngã 3 Minh Lương,,,"Huyện Gò Quao, Tỉnh Kiên Giang"
80,T80,Km15+550,,,,Quốc lộ 61,Giồng Riềng - Ngã 3 Bến Nhứt - Quốc lộ 61 - Ngã 3 Minh Lương,,,"Huyện Gò Quao, Tỉnh Kiên Giang"
81,T81,Km16+300,,,,Quốc lộ 61,Giồng Riềng - Ngã 3 Bến Nhứt - Quốc lộ 61 - Ngã 3 Minh Lương,,,"Huyện Gò Quao, Tỉnh Kiên Giang"
82,T82,Km17+200,,,,Quốc lộ 61,Giồng Riềng - Ngã 3 Bến Nhứt - Quốc lộ 61 - Ngã 3 Minh Lương,,,"Huyện Gò Quao, Tỉnh Kiên Giang"
83,T83,Km17+850,,,,Quốc lộ 61,Giồng Riềng - Ngã 3 Bến Nhứt - Quốc lộ 61 - Ngã 3 Minh Lương,,,"Huyện Gò Quao, Tỉnh Kiên Giang"
84,T84,Km18+400,,,,Quốc lộ 61,Giồng Riềng - Ngã 3 Bến Nhứt - Quốc lộ 61 - Ngã 3 Minh Lương,,,"Huyện Gò Quao, Tỉnh Kiên Giang"
85,T85,Km19+250,,,,Quốc lộ 61,Giồng Riềng - Ngã 3 Bến Nhứt - Quốc lộ 61 - Ngã 3 Minh Lương,,,"Huyện Gò Quao, Tỉnh Kiên Giang"
86,T86,Km19+700,,,,Quốc lộ 61,Giồng Riềng - Ngã 3 Bến Nhứt - Quốc lộ 61 - Ngã 3 Minh Lương,,,"Huyện Gò Quao, Tỉnh Kiên Giang"
87,T87,Km20+200,,,,Quốc lộ 61,Giồng Riềng - Ngã 3 Bến Nhứt - Quốc lộ 61 - Ngã 3 Minh Lương,,,"Huyện Gò Quao, Tỉnh Kiên Giang"
88,T88,Km20+500,,,,Quốc lộ 61,Giồng Riềng - Ngã 3 Bến Nhứt - Quốc lộ 61 - Ngã 3 Minh Lương,,,"Huyện Gò Quao, Tỉnh Kiên Giang"
89,T89,Km20+850,,,,Quốc lộ 61,Giồng Riềng - Ngã 3 Bến Nhứt - Quốc lộ 61 - Ngã 3 Minh Lương,,,"Huyện Gò Quao, Tỉnh Kiên Giang"
90,T90,Bến xe Km21+200,,,,Quốc lộ 61,Giồng Riềng - Ngã 3 Bến Nhứt - Quốc lộ 61 - Ngã 3 Minh Lương,,,"Huyện Gò Quao, Tỉnh Kiên Giang"
91,T91,Trạm gần Bưu điện huyện Giồng Riềng,,,,Quốc lộ 61,Giồng Riềng - Ngã 3 Bến Nhứt - Quốc lộ 61 - Ngã 3 Minh Lương,105.314408,9.909115,"Huyện Gò Quao, Tỉnh Kiên Giang"
92,T92,Trạm gần Huyện ủy Giồng Riềng,,,,Quốc lộ 61,Giồng Riềng - Ngã 3 Bến Nhứt - Quốc lộ 61 - Ngã 3 Minh Lương,105.314735,9.909739,"Huyện Gò Quao, Tỉnh Kiên Giang"
93,T93,Km0+200 Nguyễn Bỉnh Khiêm,,,,Nguyễn Bỉnh Khiêm,Bến xe Tri Tôn - Quốc lộ 80 - Nguyễn Bỉnh Khiêm - Bến xe Rạch Giá,,,"Huyện Gò Quao, Tỉnh Kiên Giang"
94,T94,Km0+530 Nguyễn Bỉnh Khiêm,,,,Nguyễn Bỉnh Khiêm,Bến xe Tri Tôn - Quốc lộ 80 - Nguyễn Bỉnh Khiêm - Bến xe Rạch Giá,,,"Huyện Gò Quao, Tỉnh Kiên Giang"
95,T95,Km0+800 Nguyễn Bỉnh Khiêm,,,,Nguyễn Bỉnh Khiêm,Bến xe Tri Tôn - Quốc lộ 80 - Nguyễn Bỉnh Khiêm - Bến xe Rạch Giá,,,"Huyện Gò Quao, Tỉnh Kiên Giang"
96,T96,Km121+300,,,,Quốc lộ 80,Bến xe Tri Tôn - Quốc lộ 80 - Nguyễn Bỉnh Khiêm - Bến xe Rạch Giá,,,"Huyện Gò Quao, Tỉnh Kiên Giang"
97,T97,"Km121+500, số 549A",,,,Quốc lộ 80,Bến xe Tri Tôn - Quốc lộ 80 - Nguyễn Bỉnh Khiêm - Bến xe Rạch Giá,,,"Huyện Gò Quao, Tỉnh Kiên Giang"
98,T98,Cây xăng Kim Linh,,,,Quốc lộ 80,Bến xe Tri Tôn - Quốc lộ 80 - Nguyễn Bỉnh Khiêm - Bến xe Rạch Giá,,,"Huyện Gò Quao, Tỉnh Kiên Giang"
99,T99,Số 687 gần Tạp hóa Khánh Dũng,,,,Quốc lộ 80,Bến xe Tri Tôn - Quốc lộ 80 - Nguyễn Bỉnh Khiêm - Bến xe Rạch Giá,,,"Huyện Gò Quao, Tỉnh Kiên Giang"
100,T100,Nhà chờ trước Trường học Nguyễn Thái Bình,,,,Quốc lộ 80,Bến xe Tri Tôn - Quốc lộ 80 - Nguyễn Bỉnh Khiêm - Bến xe Rạch Giá,,,"Huyện Gò Quao, Tỉnh Kiên Giang"
101,T101,Trạm trước doanh trại quân đội đối diện Km12+850,,,,Quốc lộ 80,Bến xe Tri Tôn - Quốc lộ 80 - Nguyễn Bỉnh Khiêm - Bến xe Rạch Giá,,,"Huyện Gò Quao, Tỉnh Kiên Giang"
102,T102,Số 853,,,,Quốc lộ 80,Bến xe Tri Tôn - Quốc lộ 80 - Nguyễn Bỉnh Khiêm - Bến xe Rạch Giá,,,"Huyện Gò Quao, Tỉnh Kiên Giang"
103,T103,Trạm trước khu vực nghĩa trang liệt sĩ đối diện Km 123+450,,,,Quốc lộ 80,Bến xe Tri Tôn - Quốc lộ 80 - Nguyễn Bỉnh Khiêm - Bến xe Rạch Giá,,,"Huyện Gò Quao, Tỉnh Kiên Giang"
104,T104,Nhà chờ trước Tiểu học Nguyễn Thái Bình,,,,Quốc lộ 80,Bến xe Tri Tôn - Quốc lộ 80 - Nguyễn Bỉnh Khiêm - Bến xe Rạch Giá,,,"Huyện Gò Quao, Tỉnh Kiên Giang"
105,T105,Trạm trước nhà trọ Phương Trang đối diện Km123+750,,,,Quốc lộ 80,Bến xe Tri Tôn - Quốc lộ 80 - Nguyễn Bỉnh Khiêm - Bến xe Rạch Giá,,,"Huyện Gò Quao, Tỉnh Kiên Giang"
106,T106,Trạm gần đối diện Km124,,,,Quốc lộ 80,Bến xe Tri Tôn - Quốc lộ 80 - Nguyễn Bỉnh Khiêm - Bến xe Rạch Giá,,,"Huyện Gò Quao, Tỉnh Kiên Giang"
107,T107,Nhà chờ trước Tiểu học Mỹ Lâm,,,,Quốc lộ 80,Bến xe Tri Tôn - Quốc lộ 80 - Nguyễn Bỉnh Khiêm - Bến xe Rạch Giá,,,"Huyện Gò Quao, Tỉnh Kiên Giang"
108,T108,Trạm gần Công ty TNHH Phương Linh số 145,,,,Quốc lộ 80,Bến xe Tri Tôn - Quốc lộ 80 - Nguyễn Bỉnh Khiêm - Bến xe Rạch Giá,,,"Huyện Gò Quao, Tỉnh Kiên Giang"
109,T109,Trạm gần đối diện Km126,,,,Quốc lộ 80,Bến xe Tri Tôn - Quốc lộ 80 - Nguyễn Bỉnh Khiêm - Bến xe Rạch Giá,,,"Huyện Gò Quao, Tỉnh Kiên Giang"
110,T110,Nhà chờ trước Trường TH Mỹ Lâm,,,,Quốc lộ 80,Bến xe Tri Tôn - Quốc lộ 80 - Nguyễn Bỉnh Khiêm - Bến xe Rạch Giá,,,"Huyện Gò Quao, Tỉnh Kiên Giang"
111,T111,Trạm trước Áo cưới Kiều Nhi đối diện Km126+900,,,,Quốc lộ 80,Bến xe Tri Tôn - Quốc lộ 80 - Nguyễn Bỉnh Khiêm - Bến xe Rạch Giá,,,"Huyện Gò Quao, Tỉnh Kiên Giang"
112,T112,Trạm trước UBND xã Mỹ Lâm,,,,Quốc lộ 80,Bến xe Tri Tôn - Quốc lộ 80 - Nguyễn Bỉnh Khiêm - Bến xe Rạch Giá,,,"Huyện Gò Quao, Tỉnh Kiên Giang"
113,T113,Trạm đối diện Km127+900,,,,Quốc lộ 80,Bến xe Tri Tôn - Quốc lộ 80 - Nguyễn Bỉnh Khiêm - Bến xe Rạch Giá,,,"Huyện Gò Quao, Tỉnh Kiên Giang"
114,T114,Trạm gần Cống Thầy Xếp,,,,Quốc lộ 80,Bến xe Tri Tôn - Quốc lộ 80 - Nguyễn Bỉnh Khiêm - Bến xe Rạch Giá,,,"Huyện Gò Quao, Tỉnh Kiên Giang"
115,T115,Trạm gần km128+600,,,,Quốc lộ 80,Bến xe Tri Tôn - Quốc lộ 80 - Nguyễn Bỉnh Khiêm - Bến xe Rạch Giá,,,"Huyện Gò Quao, Tỉnh Kiên Giang"
116,T116,Trạm gần Trường tình thương Mỹ Lâm,,,,Quốc lộ 80,Bến xe Tri Tôn - Quốc lộ 80 - Nguyễn Bỉnh Khiêm - Bến xe Rạch Giá,,,"Huyện Gò Quao, Tỉnh Kiên Giang"
117,T117,Trạm gần Cống số 3 Km 129+903,,,,Quốc lộ 80,Bến xe Tri Tôn - Quốc lộ 80 - Nguyễn Bỉnh Khiêm - Bến xe Rạch Giá,,,"Huyện Gò Quao, Tỉnh Kiên Giang"
118,T118,Trạm trước Tạp hóa BÌnh Bền gần đối diện Km130,,,,Quốc lộ 80,Bến xe Tri Tôn - Quốc lộ 80 - Nguyễn Bỉnh Khiêm - Bến xe Rạch Giá,,,"Huyện Gò Quao, Tỉnh Kiên Giang"
200,T200,Km170+500,,,,Quốc lộ 80,Bến xe Tri Tôn - Quốc lộ 80 - Bến xe Kiên Lương,,,"Huyện Gò Quao, Tỉnh Kiên Giang"
119,T119,Nhà chờ trước Trường Trung học Mỹ Hưng,,,,Quốc lộ 80,Bến xe Tri Tôn - Quốc lộ 80 - Nguyễn Bỉnh Khiêm - Bến xe Rạch Giá,,,"Huyện Gò Quao, Tỉnh Kiên Giang"
120,T120,Trạm gần đối diện Km131,,,,Quốc lộ 80,Bến xe Tri Tôn - Quốc lộ 80 - Nguyễn Bỉnh Khiêm - Bến xe Rạch Giá,,,"Huyện Gò Quao, Tỉnh Kiên Giang"
121,T121,Trạm trước Khu xí nghiệp 536,,,,Quốc lộ 80,Bến xe Tri Tôn - Quốc lộ 80 - Nguyễn Bỉnh Khiêm - Bến xe Rạch Giá,,,"Huyện Gò Quao, Tỉnh Kiên Giang"
122,T122,Trạm trước Sản xuất nước đá Tư Hưng gần Km132,,,,Quốc lộ 80,Bến xe Tri Tôn - Quốc lộ 80 - Nguyễn Bỉnh Khiêm - Bến xe Rạch Giá,,,"Huyện Gò Quao, Tỉnh Kiên Giang"
123,T123,Trạm gần Km132+500,,,,Quốc lộ 80,Bến xe Tri Tôn - Quốc lộ 80 - Nguyễn Bỉnh Khiêm - Bến xe Rạch Giá,,,"Huyện Gò Quao, Tỉnh Kiên Giang"
124,T124,Trạm đối diện gần Km133,,,,Quốc lộ 80,Bến xe Tri Tôn - Quốc lộ 80 - Nguyễn Bỉnh Khiêm - Bến xe Rạch Giá,,,"Huyện Gò Quao, Tỉnh Kiên Giang"
125,T125,Trạm đối diện Km133+600,,,,Quốc lộ 80,Bến xe Tri Tôn - Quốc lộ 80 - Nguyễn Bỉnh Khiêm - Bến xe Rạch Giá,,,"Huyện Gò Quao, Tỉnh Kiên Giang"
126,T126,Trạm đối diện gần Km134 Honda Chiến,,,,Quốc lộ 80,Bến xe Tri Tôn - Quốc lộ 80 - Nguyễn Bỉnh Khiêm - Bến xe Rạch Giá,,,"Huyện Gò Quao, Tỉnh Kiên Giang"
127,T127,Trạm đối diện Km133+500,,,,Quốc lộ 80,Bến xe Tri Tôn - Quốc lộ 80 - Nguyễn Bỉnh Khiêm - Bến xe Rạch Giá,,,"Huyện Gò Quao, Tỉnh Kiên Giang"
128,T128,Nhà chờ đối diện UBND Xã Sóc Sơn,,,,Quốc lộ 80,Bến xe Tri Tôn - Quốc lộ 80 - Nguyễn Bỉnh Khiêm - Bến xe Rạch Giá,,,"Huyện Gò Quao, Tỉnh Kiên Giang"
129,T129,Trạm đối diện gần Km135+650,,,,Quốc lộ 80,Bến xe Tri Tôn - Quốc lộ 80 - Nguyễn Bỉnh Khiêm - Bến xe Rạch Giá,,,"Huyện Gò Quao, Tỉnh Kiên Giang"
130,T130,Nhà chờ trước Tiểu học TT Sóc Sơn,,,,Quốc lộ 80,Bến xe Tri Tôn - Quốc lộ 80 - Nguyễn Bỉnh Khiêm - Bến xe Rạch Giá,,,"Huyện Gò Quao, Tỉnh Kiên Giang"
131,T131,Trạm đối diện Km136+200 tạp hóa Minh Trí,,,,Quốc lộ 80,Bến xe Rạch Giá - Nguyễn Bỉnh Khiêm - Quốc lộ 80 - Bến xe Tri Tôn,,,"Huyện Gò Quao, Tỉnh Kiên Giang"
132,T132,Trạm đối diện Km136+400,,,,Quốc lộ 80,Bến xe Rạch Giá - Nguyễn Bỉnh Khiêm - Quốc lộ 80 - Bến xe Tri Tôn,,,"Huyện Gò Quao, Tỉnh Kiên Giang"
133,T133,Trạm gần Km136+900,,,,Quốc lộ 80,Bến xe Rạch Giá - Nguyễn Bỉnh Khiêm - Quốc lộ 80 - Bến xe Tri Tôn,,,"Huyện Gò Quao, Tỉnh Kiên Giang"
134,T134,Trạm đối diện Km137+500,,,,Quốc lộ 80,Bến xe Rạch Giá - Nguyễn Bỉnh Khiêm - Quốc lộ 80 - Bến xe Tri Tôn,,,"Huyện Gò Quao, Tỉnh Kiên Giang"
135,T135,Trạm đối diện Trường TH Sơn Kiên,,,,Quốc lộ 80,Bến xe Rạch Giá - Nguyễn Bỉnh Khiêm - Quốc lộ 80 - Bến xe Tri Tôn,,,"Huyện Gò Quao, Tỉnh Kiên Giang"
136,T136,Trạm gần Km138+700,,,,Quốc lộ 80,Bến xe Rạch Giá - Nguyễn Bỉnh Khiêm - Quốc lộ 80 - Bến xe Tri Tôn,,,"Huyện Gò Quao, Tỉnh Kiên Giang"
137,T137,Trạm trước Cà phê Quỳnh Nga Km139,,,,Quốc lộ 80,Bến xe Rạch Giá - Nguyễn Bỉnh Khiêm - Quốc lộ 80 - Bến xe Tri Tôn,,,"Huyện Gò Quao, Tỉnh Kiên Giang"
138,T138,Trạm gần Km139+400,,,,Quốc lộ 80,Bến xe Rạch Giá - Nguyễn Bỉnh Khiêm - Quốc lộ 80 - Bến xe Tri Tôn,,,"Huyện Gò Quao, Tỉnh Kiên Giang"
139,T139,Km140,,,,Quốc lộ 80,Bến xe Rạch Giá - Nguyễn Bỉnh Khiêm - Quốc lộ 80 - Bến xe Tri Tôn,,,"Huyện Gò Quao, Tỉnh Kiên Giang"
140,T140,Km140+350,,,,Quốc lộ 80,Bến xe Rạch Giá - Nguyễn Bỉnh Khiêm - Quốc lộ 80 - Bến xe Tri Tôn,,,"Huyện Gò Quao, Tỉnh Kiên Giang"
141,T141,Km141,,,,Quốc lộ 80,Bến xe Rạch Giá - Nguyễn Bỉnh Khiêm - Quốc lộ 80 - Bến xe Tri Tôn,,,"Huyện Gò Quao, Tỉnh Kiên Giang"
142,T142,Trạm gần Km141+500 Phân bón Vạn Lợi,,,,Quốc lộ 80,Bến xe Rạch Giá - Nguyễn Bỉnh Khiêm - Quốc lộ 80 - Bến xe Tri Tôn,,,"Huyện Gò Quao, Tỉnh Kiên Giang"
143,T143,Trạm gần Km142,,,,Quốc lộ 80,Bến xe Rạch Giá - Nguyễn Bỉnh Khiêm - Quốc lộ 80 - Bến xe Tri Tôn,,,"Huyện Gò Quao, Tỉnh Kiên Giang"
144,T144,Trạm gần Km142+500,,,,Quốc lộ 80,Bến xe Rạch Giá - Nguyễn Bỉnh Khiêm - Quốc lộ 80 - Bến xe Tri Tôn,,,"Huyện Gò Quao, Tỉnh Kiên Giang"
145,T145,Km143,,,,Quốc lộ 80,Bến xe Rạch Giá - Nguyễn Bỉnh Khiêm - Quốc lộ 80 - Bến xe Tri Tôn,,,"Huyện Gò Quao, Tỉnh Kiên Giang"
146,T146,Trạm đối diện gần Km143+500,,,,Quốc lộ 80,Bến xe Rạch Giá - Nguyễn Bỉnh Khiêm - Quốc lộ 80 - Bến xe Tri Tôn,,,"Huyện Gò Quao, Tỉnh Kiên Giang"
147,T147,Trạm đối diện Km143+700,,,,Quốc lộ 80,Bến xe Rạch Giá - Nguyễn Bỉnh Khiêm - Quốc lộ 80 - Bến xe Tri Tôn,,,"Huyện Gò Quao, Tỉnh Kiên Giang"
148,T148,Trạm gần đối diện Km144+200,,,,Quốc lộ 80,Bến xe Rạch Giá - Nguyễn Bỉnh Khiêm - Quốc lộ 80 - Bến xe Tri Tôn,,,"Huyện Gò Quao, Tỉnh Kiên Giang"
149,T149,Trạm đối diện Nghĩa trang Hòn Đất,,,,Quốc lộ 80,Bến xe Rạch Giá - Nguyễn Bỉnh Khiêm - Quốc lộ 80 - Bến xe Tri Tôn,,,"Huyện Gò Quao, Tỉnh Kiên Giang"
150,T150,Trạm gần Km145,,,,Quốc lộ 80,Bến xe Rạch Giá - Nguyễn Bỉnh Khiêm - Quốc lộ 80 - Bến xe Tri Tôn,,,"Huyện Gò Quao, Tỉnh Kiên Giang"
151,T151,Trạm trước Honda Diệp Bình Km45+500,,,,Quốc lộ 80,Bến xe Rạch Giá - Nguyễn Bỉnh Khiêm - Quốc lộ 80 - Bến xe Tri Tôn,,,"Huyện Gò Quao, Tỉnh Kiên Giang"
152,T152,Nhà chờ gần Km145+800,,,,Quốc lộ 80,Bến xe Rạch Giá - Nguyễn Bỉnh Khiêm - Quốc lộ 80 - Bến xe Tri Tôn,,,"Huyện Gò Quao, Tỉnh Kiên Giang"
153,T153,Km146,,,,Quốc lộ 80,Bến xe Rạch Giá - Nguyễn Bỉnh Khiêm - Quốc lộ 80 - Bến xe Tri Tôn,,,"Huyện Gò Quao, Tỉnh Kiên Giang"
154,T154,Km146+500,,,,Quốc lộ 80,Bến xe Rạch Giá - Nguyễn Bỉnh Khiêm - Quốc lộ 80 - Bến xe Tri Tôn,,,"Huyện Gò Quao, Tỉnh Kiên Giang"
155,T155,Km146+800,,,,Quốc lộ 80,Bến xe Rạch Giá - Nguyễn Bỉnh Khiêm - Quốc lộ 80 - Bến xe Tri Tôn,,,"Huyện Gò Quao, Tỉnh Kiên Giang"
156,T156,Trạm trước Tiệm sắt Thuận Hòa Km 148+200,,,,Quốc lộ 80,Bến xe Tri Tôn - Quốc lộ 80 - Bến xe Kiên Lương,,,"Huyện Gò Quao, Tỉnh Kiên Giang"
157,T157,Trạm gần Km148+650,,,,Quốc lộ 80,Bến xe Tri Tôn - Quốc lộ 80 - Bến xe Kiên Lương,,,"Huyện Gò Quao, Tỉnh Kiên Giang"
158,T158,Km149+200,,,,Quốc lộ 80,Bến xe Tri Tôn - Quốc lộ 80 - Bến xe Kiên Lương,,,"Huyện Gò Quao, Tỉnh Kiên Giang"
159,T159,Km149+600,,,,Quốc lộ 80,Bến xe Tri Tôn - Quốc lộ 80 - Bến xe Kiên Lương,,,"Huyện Gò Quao, Tỉnh Kiên Giang"
160,T160,Km150+300,,,,Quốc lộ 80,Bến xe Tri Tôn - Quốc lộ 80 - Bến xe Kiên Lương,,,"Huyện Gò Quao, Tỉnh Kiên Giang"
161,T161,Km150+700,,,,Quốc lộ 80,Bến xe Tri Tôn - Quốc lộ 80 - Bến xe Kiên Lương,,,"Huyện Gò Quao, Tỉnh Kiên Giang"
162,T162,Km151+400,,,,Quốc lộ 80,Bến xe Tri Tôn - Quốc lộ 80 - Bến xe Kiên Lương,,,"Huyện Gò Quao, Tỉnh Kiên Giang"
163,T163,Km151+700,,,,Quốc lộ 80,Bến xe Tri Tôn - Quốc lộ 80 - Bến xe Kiên Lương,,,"Huyện Gò Quao, Tỉnh Kiên Giang"
164,T164,Km152,,,,Quốc lộ 80,Bến xe Tri Tôn - Quốc lộ 80 - Bến xe Kiên Lương,,,"Huyện Gò Quao, Tỉnh Kiên Giang"
165,T165,Km152+500,,,,Quốc lộ 80,Bến xe Tri Tôn - Quốc lộ 80 - Bến xe Kiên Lương,,,"Huyện Gò Quao, Tỉnh Kiên Giang"
166,T166,Km153,,,,Quốc lộ 80,Bến xe Tri Tôn - Quốc lộ 80 - Bến xe Kiên Lương,,,"Huyện Gò Quao, Tỉnh Kiên Giang"
167,T167,Km153+500,,,,Quốc lộ 80,Bến xe Tri Tôn - Quốc lộ 80 - Bến xe Kiên Lương,,,"Huyện Gò Quao, Tỉnh Kiên Giang"
168,T168,Km153+950,,,,Quốc lộ 80,Bến xe Tri Tôn - Quốc lộ 80 - Bến xe Kiên Lương,,,"Huyện Gò Quao, Tỉnh Kiên Giang"
169,T169,Km154+300,,,,Quốc lộ 80,Bến xe Tri Tôn - Quốc lộ 80 - Bến xe Kiên Lương,,,"Huyện Gò Quao, Tỉnh Kiên Giang"
170,T170,Km154+500,,,,Quốc lộ 80,Bến xe Tri Tôn - Quốc lộ 80 - Bến xe Kiên Lương,,,"Huyện Gò Quao, Tỉnh Kiên Giang"
171,T171,Km155,,,,Quốc lộ 80,Bến xe Tri Tôn - Quốc lộ 80 - Bến xe Kiên Lương,,,"Huyện Gò Quao, Tỉnh Kiên Giang"
172,T172,Km155+500,,,,Quốc lộ 80,Bến xe Tri Tôn - Quốc lộ 80 - Bến xe Kiên Lương,,,"Huyện Gò Quao, Tỉnh Kiên Giang"
173,T173,Trạm đối diện Tiểu học Bình Sơn 3,,,,Quốc lộ 80,Bến xe Tri Tôn - Quốc lộ 80 - Bến xe Kiên Lương,,,"Huyện Gò Quao, Tỉnh Kiên Giang"
174,T174,Km156+400,,,,Quốc lộ 80,Bến xe Tri Tôn - Quốc lộ 80 - Bến xe Kiên Lương,,,"Huyện Gò Quao, Tỉnh Kiên Giang"
175,T175,Trạm đối diện Km156+800,,,,Quốc lộ 80,Bến xe Tri Tôn - Quốc lộ 80 - Bến xe Kiên Lương,,,"Huyện Gò Quao, Tỉnh Kiên Giang"
176,T176,Km157+400,,,,Quốc lộ 80,Bến xe Tri Tôn - Quốc lộ 80 - Bến xe Kiên Lương,,,"Huyện Gò Quao, Tỉnh Kiên Giang"
177,T177,Trạm gần Km158,,,,Quốc lộ 80,Bến xe Tri Tôn - Quốc lộ 80 - Bến xe Kiên Lương,,,"Huyện Gò Quao, Tỉnh Kiên Giang"
178,T178,Trạm gần đối diện Km158+500,,,,Quốc lộ 80,Bến xe Tri Tôn - Quốc lộ 80 - Bến xe Kiên Lương,,,"Huyện Gò Quao, Tỉnh Kiên Giang"
179,T179,Trạm gần Km159,,,,Quốc lộ 80,Bến xe Tri Tôn - Quốc lộ 80 - Bến xe Kiên Lương,,,"Huyện Gò Quao, Tỉnh Kiên Giang"
180,T180,Trạm gần Km159+500,,,,Quốc lộ 80,Bến xe Tri Tôn - Quốc lộ 80 - Bến xe Kiên Lương,,,"Huyện Gò Quao, Tỉnh Kiên Giang"
181,T181,Trạm gần Km160,,,,Quốc lộ 80,Bến xe Tri Tôn - Quốc lộ 80 - Bến xe Kiên Lương,,,"Huyện Gò Quao, Tỉnh Kiên Giang"
182,T182,Trạm gần Km160+500,,,,Quốc lộ 80,Bến xe Tri Tôn - Quốc lộ 80 - Bến xe Kiên Lương,,,"Huyện Gò Quao, Tỉnh Kiên Giang"
183,T183,Trạm gần Km161,,,,Quốc lộ 80,Bến xe Tri Tôn - Quốc lộ 80 - Bến xe Kiên Lương,,,"Huyện Gò Quao, Tỉnh Kiên Giang"
184,T184,Trạm trước Cà phê Nga khu vực chợ Vàm Rẫy,,,,Quốc lộ 80,Bến xe Tri Tôn - Quốc lộ 80 - Bến xe Kiên Lương,,,"Huyện Gò Quao, Tỉnh Kiên Giang"
185,T185,Trạm trước VLXD Phước Chung,,,,Quốc lộ 80,Bến xe Tri Tôn - Quốc lộ 80 - Bến xe Kiên Lương,,,"Huyện Gò Quao, Tỉnh Kiên Giang"
186,T186,Km162+600,,,,Quốc lộ 80,Bến xe Tri Tôn - Quốc lộ 80 - Bến xe Kiên Lương,,,"Huyện Gò Quao, Tỉnh Kiên Giang"
187,T187,Km163,,,,Quốc lộ 80,Bến xe Tri Tôn - Quốc lộ 80 - Bến xe Kiên Lương,,,"Huyện Gò Quao, Tỉnh Kiên Giang"
188,T188,Km163+400,,,,Quốc lộ 80,Bến xe Tri Tôn - Quốc lộ 80 - Bến xe Kiên Lương,,,"Huyện Gò Quao, Tỉnh Kiên Giang"
189,T189,Km164,,,,Quốc lộ 80,Bến xe Tri Tôn - Quốc lộ 80 - Bến xe Kiên Lương,,,"Huyện Gò Quao, Tỉnh Kiên Giang"
190,T190,Trạm trước Cà phê Vườn Xoài đối diện Km165+500,,,,Quốc lộ 80,Bến xe Tri Tôn - Quốc lộ 80 - Bến xe Kiên Lương,,,"Huyện Gò Quao, Tỉnh Kiên Giang"
191,T191,Km165,,,,Quốc lộ 80,Bến xe Tri Tôn - Quốc lộ 80 - Bến xe Kiên Lương,,,"Huyện Gò Quao, Tỉnh Kiên Giang"
192,T192,Km165+500,,,,Quốc lộ 80,Bến xe Tri Tôn - Quốc lộ 80 - Bến xe Kiên Lương,,,"Huyện Gò Quao, Tỉnh Kiên Giang"
193,T193,Trạm trước Phân bón Đình Trí Km165+900,,,,Quốc lộ 80,Bến xe Tri Tôn - Quốc lộ 80 - Bến xe Kiên Lương,,,"Huyện Gò Quao, Tỉnh Kiên Giang"
194,T194,km166+700,,,,Quốc lộ 80,Bến xe Tri Tôn - Quốc lộ 80 - Bến xe Kiên Lương,,,"Huyện Gò Quao, Tỉnh Kiên Giang"
195,T195,Gần Km167,,,,Quốc lộ 80,Bến xe Tri Tôn - Quốc lộ 80 - Bến xe Kiên Lương,,,"Huyện Gò Quao, Tỉnh Kiên Giang"
196,T196,Trạm trước Cà phê Ba Khai gần Km167+600,,,,Quốc lộ 80,Bến xe Tri Tôn - Quốc lộ 80 - Bến xe Kiên Lương,,,"Huyện Gò Quao, Tỉnh Kiên Giang"
197,T197,Km168,,,,Quốc lộ 80,Bến xe Tri Tôn - Quốc lộ 80 - Bến xe Kiên Lương,,,"Huyện Gò Quao, Tỉnh Kiên Giang"
198,T198,Đối diện Km168+500,,,,Quốc lộ 80,Bến xe Tri Tôn - Quốc lộ 80 - Bến xe Kiên Lương,,,"Huyện Gò Quao, Tỉnh Kiên Giang"
199,T199,Km169,,,,Quốc lộ 80,Bến xe Tri Tôn - Quốc lộ 80 - Bến xe Kiên Lương,,,"Huyện Gò Quao, Tỉnh Kiên Giang"
201,T201,Trạm đối diện Tiểu học Bình Giang 2,,,,Quốc lộ 80,Bến xe Tri Tôn - Quốc lộ 80 - Bến xe Kiên Lương,,,"Huyện Gò Quao, Tỉnh Kiên Giang"
202,T202,Trạm gần Km171,,,,Quốc lộ 80,Bến xe Tri Tôn - Quốc lộ 80 - Bến xe Kiên Lương,,,"Huyện Gò Quao, Tỉnh Kiên Giang"
203,T203,Km171+800,,,,Quốc lộ 80,Bến xe Tri Tôn - Quốc lộ 80 - Bến xe Kiên Lương,,,"Huyện Gò Quao, Tỉnh Kiên Giang"
204,T204,Km172+200,,,,Quốc lộ 80,Bến xe Tri Tôn - Quốc lộ 80 - Bến xe Kiên Lương,,,"Huyện Gò Quao, Tỉnh Kiên Giang"
205,T205,Km172+500,,,,Quốc lộ 80,Bến xe Tri Tôn - Quốc lộ 80 - Bến xe Kiên Lương,,,"Huyện Gò Quao, Tỉnh Kiên Giang"
206,T206,Km172+750,,,,Quốc lộ 80,Bến xe Tri Tôn - Quốc lộ 80 - Bến xe Kiên Lương,,,"Huyện Gò Quao, Tỉnh Kiên Giang"
207,T207,Trạm trước VLXD Hai Thế,,,,Quốc lộ 80,Bến xe Tri Tôn - Quốc lộ 80 - Bến xe Kiên Lương,,,"Huyện Gò Quao, Tỉnh Kiên Giang"
208,T208,Trạm trước Phèn Polomite Tân Hoàng,,,,Quốc lộ 80,Bến xe Tri Tôn - Quốc lộ 80 - Bến xe Kiên Lương,,,"Huyện Gò Quao, Tỉnh Kiên Giang"
209,T209,Km173+750,,,,Quốc lộ 80,Bến xe Tri Tôn - Quốc lộ 80 - Bến xe Kiên Lương,,,"Huyện Gò Quao, Tỉnh Kiên Giang"
210,T210,Km174+250,,,,Quốc lộ 80,Bến xe Tri Tôn - Quốc lộ 80 - Bến xe Kiên Lương,,,"Huyện Gò Quao, Tỉnh Kiên Giang"
211,T211,Trạm trước Tạp hóa Ngọc Hân Km174+650,,,,Quốc lộ 80,Bến xe Tri Tôn - Quốc lộ 80 - Bến xe Kiên Lương,,,"Huyện Gò Quao, Tỉnh Kiên Giang"
212,T212,Km175,,,,Quốc lộ 80,Bến xe Tri Tôn - Quốc lộ 80 - Bến xe Kiên Lương,,,"Huyện Gò Quao, Tỉnh Kiên Giang"
213,T213,Km175+450,,,,Quốc lộ 80,Bến xe Tri Tôn - Quốc lộ 80 - Bến xe Kiên Lương,,,"Huyện Gò Quao, Tỉnh Kiên Giang"
214,T214,Trạm trước Cà phê Anh Ngọc Km 175+700,,,,Quốc lộ 80,Bến xe Tri Tôn - Quốc lộ 80 - Bến xe Kiên Lương,,,"Huyện Gò Quao, Tỉnh Kiên Giang"
215,T215,Trạm gần đối diện Trường Tiểu học Kiên Bình 1,,,,Quốc lộ 80,Bến xe Tri Tôn - Quốc lộ 80 - Bến xe Kiên Lương,,,"Huyện Gò Quao, Tỉnh Kiên Giang"
216,T216,Km176+800,,,,Quốc lộ 80,Bến xe Tri Tôn - Quốc lộ 80 - Bến xe Kiên Lương,,,"Huyện Gò Quao, Tỉnh Kiên Giang"
217,T217,Đối diện Km177+400,,,,Quốc lộ 80,Bến xe Tri Tôn - Quốc lộ 80 - Bến xe Kiên Lương,,,"Huyện Gò Quao, Tỉnh Kiên Giang"
218,T218,Trạm đối diện Trường Tiểu học Kiên Bình 1,,,,Quốc lộ 80,Bến xe Tri Tôn - Quốc lộ 80 - Bến xe Kiên Lương,,,"Huyện Gò Quao, Tỉnh Kiên Giang"
219,T219,Trạm gần Km178,,,,Quốc lộ 80,Bến xe Tri Tôn - Quốc lộ 80 - Bến xe Kiên Lương,,,"Huyện Gò Quao, Tỉnh Kiên Giang"
220,T220,Trạm gần Km179,,,,Quốc lộ 80,Bến xe Tri Tôn - Quốc lộ 80 - Bến xe Kiên Lương,,,"Huyện Gò Quao, Tỉnh Kiên Giang"
221,T221,Km179+400,,,,Quốc lộ 80,Bến xe Tri Tôn - Quốc lộ 80 - Bến xe Kiên Lương,,,"Huyện Gò Quao, Tỉnh Kiên Giang"
222,T222,Trạm gần Km179+800,,,,Quốc lộ 80,Bến xe Tri Tôn - Quốc lộ 80 - Bến xe Kiên Lương,,,"Huyện Gò Quao, Tỉnh Kiên Giang"
223,T223,Trạm đối diện Trạm QL Đường sông Kiên Lương,,,,Quốc lộ 80,Bến xe Tri Tôn - Quốc lộ 80 - Bến xe Kiên Lương,,,"Huyện Gò Quao, Tỉnh Kiên Giang"
224,T224,Trạm gần Km181,,,,Quốc lộ 80,Bến xe Tri Tôn - Quốc lộ 80 - Bến xe Kiên Lương,,,"Huyện Gò Quao, Tỉnh Kiên Giang"
225,T225,Km181+100,,,,Quốc lộ 80,Bến xe Tri Tôn - Quốc lộ 80 - Bến xe Kiên Lương,,,"Huyện Gò Quao, Tỉnh Kiên Giang"
226,T226,Trạm đối diện UBND TT Kiên Lương,,,,Quốc lộ 80,Bến xe Tri Tôn - Quốc lộ 80 - Bến xe Kiên Lương,,,"Huyện Gò Quao, Tỉnh Kiên Giang"
227,T227,Trạm gần Km136+400,,,,Quốc lộ 80,Bến xe Tri Tôn - Bến xe Rạch Giá - Nguyễn Bỉnh Khiêm - Quốc lộ 80,,,"Huyện Gò Quao, Tỉnh Kiên Giang"
228,T228,Trạm gần Km136+676 cầu Tà Lúa,,,,Quốc lộ 80,Bến xe Tri Tôn - Bến xe Rạch Giá - Nguyễn Bỉnh Khiêm - Quốc lộ 80,,,"Huyện Gò Quao, Tỉnh Kiên Giang"
229,T229,Trạm đối diện Km136+900,,,,Quốc lộ 80,Bến xe Tri Tôn - Bến xe Rạch Giá - Nguyễn Bỉnh Khiêm - Quốc lộ 80,,,"Huyện Gò Quao, Tỉnh Kiên Giang"
230,T230,Trạm gần Km137+500,,,,Quốc lộ 80,Bến xe Tri Tôn - Bến xe Rạch Giá - Nguyễn Bỉnh Khiêm - Quốc lộ 80,,,"Huyện Gò Quao, Tỉnh Kiên Giang"
231,T231,Nhà chờ trước Trường TH Sơn Kiên,,,,Quốc lộ 80,Bến xe Tri Tôn - Bến xe Rạch Giá - Nguyễn Bỉnh Khiêm - Quốc lộ 80,,,"Huyện Gò Quao, Tỉnh Kiên Giang"
232,T232,Trạm đối diện Km138+700,,,,Quốc lộ 80,Bến xe Tri Tôn - Bến xe Rạch Giá - Nguyễn Bỉnh Khiêm - Quốc lộ 80,,,"Huyện Gò Quao, Tỉnh Kiên Giang"
233,T233,Nhà chờ trước Trung tâm đào tạo sát hạch lái xe gần đối diện Km139,,,,Quốc lộ 80,Bến xe Tri Tôn - Bến xe Rạch Giá - Nguyễn Bỉnh Khiêm - Quốc lộ 80,,,"Huyện Gò Quao, Tỉnh Kiên Giang"
234,T234,Trạm đối diện Km139+400,,,,Quốc lộ 80,Bến xe Tri Tôn - Bến xe Rạch Giá - Nguyễn Bỉnh Khiêm - Quốc lộ 80,,,"Huyện Gò Quao, Tỉnh Kiên Giang"
235,T235,Trạm trước Tiểu học Sơn Kiên 1,,,,Quốc lộ 80,Bến xe Tri Tôn - Bến xe Rạch Giá - Nguyễn Bỉnh Khiêm - Quốc lộ 80,,,"Huyện Gò Quao, Tỉnh Kiên Giang"
236,T236,Đối diện gần Km140+350,,,,Quốc lộ 80,Bến xe Tri Tôn - Bến xe Rạch Giá - Nguyễn Bỉnh Khiêm - Quốc lộ 80,,,"Huyện Gò Quao, Tỉnh Kiên Giang"
237,T237,Đối diện gần Km141,,,,Quốc lộ 80,Bến xe Tri Tôn - Bến xe Rạch Giá - Nguyễn Bỉnh Khiêm - Quốc lộ 80,,,"Huyện Gò Quao, Tỉnh Kiên Giang"
238,T238,Nhà chờ đối diện Km141+500,,,,Quốc lộ 80,Bến xe Tri Tôn - Bến xe Rạch Giá - Nguyễn Bỉnh Khiêm - Quốc lộ 80,,,"Huyện Gò Quao, Tỉnh Kiên Giang"
239,T239,Trạm đối diện gần Km142,,,,Quốc lộ 80,Bến xe Tri Tôn - Bến xe Rạch Giá - Nguyễn Bỉnh Khiêm - Quốc lộ 80,,,"Huyện Gò Quao, Tỉnh Kiên Giang"
240,T240,Trạm đối diện gần Km142+500,,,,Quốc lộ 80,Bến xe Tri Tôn - Bến xe Rạch Giá - Nguyễn Bỉnh Khiêm - Quốc lộ 80,,,"Huyện Gò Quao, Tỉnh Kiên Giang"
241,T241,Trạm đối diện gần Km143,,,,Quốc lộ 80,Bến xe Tri Tôn - Bến xe Rạch Giá - Nguyễn Bỉnh Khiêm - Quốc lộ 80,,,"Huyện Gò Quao, Tỉnh Kiên Giang"
242,T242,Trạm gần Km143+500,,,,Quốc lộ 80,Bến xe Tri Tôn - Bến xe Rạch Giá - Nguyễn Bỉnh Khiêm - Quốc lộ 80,,,"Huyện Gò Quao, Tỉnh Kiên Giang"
243,T243,Trạm gần Km143+943 Cầu Kênh 9,,,,Quốc lộ 80,Bến xe Tri Tôn - Bến xe Rạch Giá - Nguyễn Bỉnh Khiêm - Quốc lộ 80,,,"Huyện Gò Quao, Tỉnh Kiên Giang"
244,T244,Trạm gần Km144+200,,,,Quốc lộ 80,Bến xe Tri Tôn - Bến xe Rạch Giá - Nguyễn Bỉnh Khiêm - Quốc lộ 80,,,"Huyện Gò Quao, Tỉnh Kiên Giang"
245,T245,Trạm trước Nghĩa trang Hòn Đất,,,,Quốc lộ 80,Bến xe Tri Tôn - Bến xe Rạch Giá - Nguyễn Bỉnh Khiêm - Quốc lộ 80,,,"Huyện Gò Quao, Tỉnh Kiên Giang"
246,T246,Trạm đối diện Km145,,,,Quốc lộ 80,Bến xe Tri Tôn - Bến xe Rạch Giá - Nguyễn Bỉnh Khiêm - Quốc lộ 80,,,"Huyện Gò Quao, Tỉnh Kiên Giang"
247,T247,Trạm đối diện Km145+500,,,,Quốc lộ 80,Bến xe Tri Tôn - Bến xe Rạch Giá - Nguyễn Bỉnh Khiêm - Quốc lộ 80,,,"Huyện Gò Quao, Tỉnh Kiên Giang"
248,T248,Nhà chờ trước Trung tâm y tế huyện Hòn Đất,,,,Quốc lộ 80,Bến xe Tri Tôn - Bến xe Rạch Giá - Nguyễn Bỉnh Khiêm - Quốc lộ 80,,,"Huyện Gò Quao, Tỉnh Kiên Giang"
249,T249,Trạm đối diện gần Km146 Tiệm cơm Minh Nhật,,,,Quốc lộ 80,Bến xe Tri Tôn - Bến xe Rạch Giá - Nguyễn Bỉnh Khiêm - Quốc lộ 80,,,"Huyện Gò Quao, Tỉnh Kiên Giang"
250,T250,Trạm trước Ngân hàng Sông Kiên,,,,Quốc lộ 80,Bến xe Tri Tôn - Bến xe Rạch Giá - Nguyễn Bỉnh Khiêm - Quốc lộ 80,,,"Huyện Gò Quao, Tỉnh Kiên Giang"
251,T251,Trạm trước Tòa án huyện Hòn Đất,,,,Quốc lộ 80,Bến xe Tri Tôn - Bến xe Rạch Giá - Nguyễn Bỉnh Khiêm - Quốc lộ 80,,,"Huyện Gò Quao, Tỉnh Kiên Giang"
252,T252,Bến xe Hòn Đất,,,,Quốc lộ 80,Bến xe Tri Tôn - Bến xe Rạch Giá - Nguyễn Bỉnh Khiêm - Quốc lộ 80,,,"Huyện Gò Quao, Tỉnh Kiên Giang"
253,T253,Trạm trước Nông ngư Cơ Thanh Trung,,,,Quốc lộ 80,Bến xe Kiên Lương - Quốc lộ 80 - Bến xe Tri Tôn,,,"Huyện Gò Quao, Tỉnh Kiên Giang"
254,T254,Trạm đối diện gần Km148+650,,,,Quốc lộ 80,Bến xe Kiên Lương - Quốc lộ 80 - Bến xe Tri Tôn,,,"Huyện Gò Quao, Tỉnh Kiên Giang"
255,T255,Đối diện Km149+200,,,,Quốc lộ 80,Bến xe Kiên Lương - Quốc lộ 80 - Bến xe Tri Tôn,,,"Huyện Gò Quao, Tỉnh Kiên Giang"
256,T256,Trạm trước Nhà máy phân bón Thiên Giang,,,,Quốc lộ 80,Bến xe Kiên Lương - Quốc lộ 80 - Bến xe Tri Tôn,,,"Huyện Gò Quao, Tỉnh Kiên Giang"
257,T257,Đối diện Km140+300,,,,Quốc lộ 80,Bến xe Kiên Lương - Quốc lộ 80 - Bến xe Tri Tôn,,,"Huyện Gò Quao, Tỉnh Kiên Giang"
258,T258,Đối diện Km140+700,,,,Quốc lộ 80,Bến xe Kiên Lương - Quốc lộ 80 - Bến xe Tri Tôn,,,"Huyện Gò Quao, Tỉnh Kiên Giang"
259,T259,Trạm gần đối diện Km151+400,,,,Quốc lộ 80,Bến xe Kiên Lương - Quốc lộ 80 - Bến xe Tri Tôn,,,"Huyện Gò Quao, Tỉnh Kiên Giang"
260,T260,Trạm gần đối diện Km151+700,,,,Quốc lộ 80,Bến xe Kiên Lương - Quốc lộ 80 - Bến xe Tri Tôn,,,"Huyện Gò Quao, Tỉnh Kiên Giang"
261,T261,Đối diện Km152,,,,Quốc lộ 80,Bến xe Kiên Lương - Quốc lộ 80 - Bến xe Tri Tôn,,,"Huyện Gò Quao, Tỉnh Kiên Giang"
262,T262,Trạm gần đối diện Km152+500,,,,Quốc lộ 80,Bến xe Kiên Lương - Quốc lộ 80 - Bến xe Tri Tôn,,,"Huyện Gò Quao, Tỉnh Kiên Giang"
263,T263,Trạm gần đối diện Km152+300,,,,Quốc lộ 80,Bến xe Kiên Lương - Quốc lộ 80 - Bến xe Tri Tôn,,,"Huyện Gò Quao, Tỉnh Kiên Giang"
264,T264,Trạm gần đối diện Km153+500,,,,Quốc lộ 80,Bến xe Kiên Lương - Quốc lộ 80 - Bến xe Tri Tôn,,,"Huyện Gò Quao, Tỉnh Kiên Giang"
265,T265,Trạm gần đối diện Km154,,,,Quốc lộ 80,Bến xe Kiên Lương - Quốc lộ 80 - Bến xe Tri Tôn,,,"Huyện Gò Quao, Tỉnh Kiên Giang"
266,T266,Trạm gần đối diện Km154+300,,,,Quốc lộ 80,Bến xe Kiên Lương - Quốc lộ 80 - Bến xe Tri Tôn,,,"Huyện Gò Quao, Tỉnh Kiên Giang"
267,T267,Trạm gần đối diện Km154+500,,,,Quốc lộ 80,Bến xe Kiên Lương - Quốc lộ 80 - Bến xe Tri Tôn,,,"Huyện Gò Quao, Tỉnh Kiên Giang"
268,T268,Trạm gần đối diện Km155,,,,Quốc lộ 80,Bến xe Kiên Lương - Quốc lộ 80 - Bến xe Tri Tôn,,,"Huyện Gò Quao, Tỉnh Kiên Giang"
269,T269,Trạm gần đối diện Km155+500,,,,Quốc lộ 80,Bến xe Kiên Lương - Quốc lộ 80 - Bến xe Tri Tôn,,,"Huyện Gò Quao, Tỉnh Kiên Giang"
270,T270,Trạm trước Tiểu học Bình Sơn 3,,,,Quốc lộ 80,Bến xe Kiên Lương - Quốc lộ 80 - Bến xe Tri Tôn,,,"Huyện Gò Quao, Tỉnh Kiên Giang"
271,T271,Trạm trước Trường Mẫu giáo Bình Sơn,,,,Quốc lộ 80,Bến xe Kiên Lương - Quốc lộ 80 - Bến xe Tri Tôn,,,"Huyện Gò Quao, Tỉnh Kiên Giang"
272,T272,Km156+800,,,,Quốc lộ 80,Bến xe Kiên Lương - Quốc lộ 80 - Bến xe Tri Tôn,,,"Huyện Gò Quao, Tỉnh Kiên Giang"
273,T273,Trạm gần đối diện Km157+400,,,,Quốc lộ 80,Bến xe Kiên Lương - Quốc lộ 80 - Bến xe Tri Tôn,,,"Huyện Gò Quao, Tỉnh Kiên Giang"
274,T274,Trạm đối diện Km158,,,,Quốc lộ 80,Bến xe Kiên Lương - Quốc lộ 80 - Bến xe Tri Tôn,,,"Huyện Gò Quao, Tỉnh Kiên Giang"
275,T275,Km158+500,,,,Quốc lộ 80,Bến xe Kiên Lương - Quốc lộ 80 - Bến xe Tri Tôn,,,"Huyện Gò Quao, Tỉnh Kiên Giang"
276,T276,Trạm đối diện Km159,,,,Quốc lộ 80,Bến xe Kiên Lương - Quốc lộ 80 - Bến xe Tri Tôn,,,"Huyện Gò Quao, Tỉnh Kiên Giang"
277,T277,Trạm đối diện Km159+500,,,,Quốc lộ 80,Bến xe Kiên Lương - Quốc lộ 80 - Bến xe Tri Tôn,,,"Huyện Gò Quao, Tỉnh Kiên Giang"
278,T278,Trạm đối diện Km160,,,,Quốc lộ 80,Bến xe Kiên Lương - Quốc lộ 80 - Bến xe Tri Tôn,,,"Huyện Gò Quao, Tỉnh Kiên Giang"
279,T279,Trạm đối diện Km160+500,,,,Quốc lộ 80,Bến xe Kiên Lương - Quốc lộ 80 - Bến xe Tri Tôn,,,"Huyện Gò Quao, Tỉnh Kiên Giang"
280,T280,Trạm đối diện Km161,,,,Quốc lộ 80,Bến xe Kiên Lương - Quốc lộ 80 - Bến xe Tri Tôn,,,"Huyện Gò Quao, Tỉnh Kiên Giang"
281,T281,Trạm trước Tiệm cơm Nhật Trường khu vực chợ Vàm Rẫy,,,,Quốc lộ 80,Bến xe Kiên Lương - Quốc lộ 80 - Bến xe Tri Tôn,,,"Huyện Gò Quao, Tỉnh Kiên Giang"
282,T282,Nhà chờ trước Tiểu học Bình Sơn 1,,,,Quốc lộ 80,Bến xe Kiên Lương - Quốc lộ 80 - Bến xe Tri Tôn,,,"Huyện Gò Quao, Tỉnh Kiên Giang"
283,T283,Trạm sau đường lên cầu Tám Ngàn,,,,Quốc lộ 80,Bến xe Kiên Lương - Quốc lộ 80 - Bến xe Tri Tôn,,,"Huyện Gò Quao, Tỉnh Kiên Giang"
284,T284,Trạm gần đối diện Km163,,,,Quốc lộ 80,Bến xe Kiên Lương - Quốc lộ 80 - Bến xe Tri Tôn,,,"Huyện Gò Quao, Tỉnh Kiên Giang"
285,T285,Trạm gần đối diện Km163+400,,,,Quốc lộ 80,Bến xe Kiên Lương - Quốc lộ 80 - Bến xe Tri Tôn,,,"Huyện Gò Quao, Tỉnh Kiên Giang"
286,T286,Trạm gần đối diện Km164,,,,Quốc lộ 80,Bến xe Kiên Lương - Quốc lộ 80 - Bến xe Tri Tôn,,,"Huyện Gò Quao, Tỉnh Kiên Giang"
287,T287,Km164+500,,,,Quốc lộ 80,Bến xe Kiên Lương - Quốc lộ 80 - Bến xe Tri Tôn,,,"Huyện Gò Quao, Tỉnh Kiên Giang"
288,T288,Trạm gần đối diện Km165,,,,Quốc lộ 80,Bến xe Kiên Lương - Quốc lộ 80 - Bến xe Tri Tôn,,,"Huyện Gò Quao, Tỉnh Kiên Giang"
289,T289,Trạm gần đối diện Km165+500,,,,Quốc lộ 80,Bến xe Kiên Lương - Quốc lộ 80 - Bến xe Tri Tôn,,,"Huyện Gò Quao, Tỉnh Kiên Giang"
290,T290,Km165+900,,,,Quốc lộ 80,Bến xe Kiên Lương - Quốc lộ 80 - Bến xe Tri Tôn,,,"Huyện Gò Quao, Tỉnh Kiên Giang"
291,T291,Nhà chờ trước UBND xã Bình Giang,,,,Quốc lộ 80,Bến xe Kiên Lương - Quốc lộ 80 - Bến xe Tri Tôn,,,"Huyện Gò Quao, Tỉnh Kiên Giang"
292,T292,Nhà chờ trước Tiểu học Bình Giang 2,,,,Quốc lộ 80,Bến xe Kiên Lương - Quốc lộ 80 - Bến xe Tri Tôn,,,"Huyện Gò Quao, Tỉnh Kiên Giang"
293,T293,Trạm trước Cà phê Quê Hương đối diện Km167+600,,,,Quốc lộ 80,Bến xe Kiên Lương - Quốc lộ 80 - Bến xe Tri Tôn,,,"Huyện Gò Quao, Tỉnh Kiên Giang"
295,T295,Trạm trước Cà phê Trung Nguyên Km168+500,,,,Quốc lộ 80,Bến xe Kiên Lương - Quốc lộ 80 - Bến xe Tri Tôn,,,"Huyện Gò Quao, Tỉnh Kiên Giang"
296,T296,Gần đối diện Km169,,,,Quốc lộ 80,Bến xe Kiên Lương - Quốc lộ 80 - Bến xe Tri Tôn,,,"Huyện Gò Quao, Tỉnh Kiên Giang"
297,T297,Gần đối diện Km170+500,,,,Quốc lộ 80,Bến xe Kiên Lương - Quốc lộ 80 - Bến xe Tri Tôn,,,"Huyện Gò Quao, Tỉnh Kiên Giang"
298,T298,Trạm trước Tiểu học Bình Giang 2 Điểm Ranh Hat,,,,Quốc lộ 80,Bến xe Kiên Lương - Quốc lộ 80 - Bến xe Tri Tôn,,,"Huyện Gò Quao, Tỉnh Kiên Giang"
299,T299,Gần đối diện Km171,,,,Quốc lộ 80,Bến xe Kiên Lương - Quốc lộ 80 - Bến xe Tri Tôn,,,"Huyện Gò Quao, Tỉnh Kiên Giang"
300,T300,Trạm trước cây xăng Hiệp Hưng,,,,Quốc lộ 80,Bến xe Kiên Lương - Quốc lộ 80 - Bến xe Tri Tôn,,,"Huyện Gò Quao, Tỉnh Kiên Giang"
301,T301,Gần đối diện Km172+200,,,,Quốc lộ 80,Bến xe Kiên Lương - Quốc lộ 80 - Bến xe Tri Tôn,,,"Huyện Gò Quao, Tỉnh Kiên Giang"
302,T302,Trạm trước Cà phê Hải đối diện Km172+500,,,,Quốc lộ 80,Bến xe Kiên Lương - Quốc lộ 80 - Bến xe Tri Tôn,,,"Huyện Gò Quao, Tỉnh Kiên Giang"
303,T303,Trạm trước Tiểu học Kiên Bình 1,,,,Quốc lộ 80,Bến xe Kiên Lương - Quốc lộ 80 - Bến xe Tri Tôn,,,"Huyện Gò Quao, Tỉnh Kiên Giang"
304,T304,Trạm trước Lò vôi Hai Thế,,,,Quốc lộ 80,Bến xe Kiên Lương - Quốc lộ 80 - Bến xe Tri Tôn,,,"Huyện Gò Quao, Tỉnh Kiên Giang"
305,T305,Đối diện Km173+400,,,,Quốc lộ 80,Bến xe Kiên Lương - Quốc lộ 80 - Bến xe Tri Tôn,,,"Huyện Gò Quao, Tỉnh Kiên Giang"
306,T306,Gần đối diện Km173+750,,,,Quốc lộ 80,Bến xe Kiên Lương - Quốc lộ 80 - Bến xe Tri Tôn,,,"Huyện Gò Quao, Tỉnh Kiên Giang"
307,T307,Gần đối diện Km174+250,,,,Quốc lộ 80,Bến xe Kiên Lương - Quốc lộ 80 - Bến xe Tri Tôn,,,"Huyện Gò Quao, Tỉnh Kiên Giang"
308,T308,Trạm trước cây xăng Hiệp Giang,,,,Quốc lộ 80,Bến xe Kiên Lương - Quốc lộ 80 - Bến xe Tri Tôn,,,"Huyện Gò Quao, Tỉnh Kiên Giang"
309,T309,Trạm trước UBND xã Kiên Bình,,,,Quốc lộ 80,Bến xe Kiên Lương - Quốc lộ 80 - Bến xe Tri Tôn,,,"Huyện Gò Quao, Tỉnh Kiên Giang"
310,T310,Trạm trước Tiệm cơm Thanh Thủy đối diện km175+450,,,,Quốc lộ 80,Bến xe Kiên Lương - Quốc lộ 80 - Bến xe Tri Tôn,,,"Huyện Gò Quao, Tỉnh Kiên Giang"
311,T311,Trạm gần đối diện Km176,,,,Quốc lộ 80,Bến xe Kiên Lương - Quốc lộ 80 - Bến xe Tri Tôn,,,"Huyện Gò Quao, Tỉnh Kiên Giang"
312,T312,Trạm trước Trường Tiểu học Kiên Bình 1,,,,Quốc lộ 80,Bến xe Kiên Lương - Quốc lộ 80 - Bến xe Tri Tôn,,,"Huyện Gò Quao, Tỉnh Kiên Giang"
313,T313,Đối diện Km176+800,,,,Quốc lộ 80,Bến xe Kiên Lương - Quốc lộ 80 - Bến xe Tri Tôn,,,"Huyện Gò Quao, Tỉnh Kiên Giang"
314,T314,Km177+400,,,,Quốc lộ 80,Bến xe Kiên Lương - Quốc lộ 80 - Bến xe Tri Tôn,,,"Huyện Gò Quao, Tỉnh Kiên Giang"
315,T315,Nhà chờ trước Trường Tiểu học Kiên Bình 1,,,,Quốc lộ 80,Bến xe Kiên Lương - Quốc lộ 80 - Bến xe Tri Tôn,,,"Huyện Gò Quao, Tỉnh Kiên Giang"
316,T316,Đối diện Km178,,,,Quốc lộ 80,Bến xe Kiên Lương - Quốc lộ 80 - Bến xe Tri Tôn,,,"Huyện Gò Quao, Tỉnh Kiên Giang"
317,T317,Trạm đối diện Km178+600,,,,Quốc lộ 80,Bến xe Kiên Lương - Quốc lộ 80 - Bến xe Tri Tôn,,,"Huyện Gò Quao, Tỉnh Kiên Giang"
318,T318,Trạm đối diện Km179+400,,,,Quốc lộ 80,Bến xe Kiên Lương - Quốc lộ 80 - Bến xe Tri Tôn,,,"Huyện Gò Quao, Tỉnh Kiên Giang"
319,T319,Trạm đối diện Km179+800,,,,Quốc lộ 80,Bến xe Kiên Lương - Quốc lộ 80 - Bến xe Tri Tôn,,,"Huyện Gò Quao, Tỉnh Kiên Giang"
320,T320,Trạm trước Trạm QL Đường sông Kiên Lương,,,,Quốc lộ 80,Bến xe Kiên Lương - Quốc lộ 80 - Bến xe Tri Tôn,,,"Huyện Gò Quao, Tỉnh Kiên Giang"
321,T321,Trạm gần Bưu điện Kiên Lương,,,,Quốc lộ 80,Bến xe Kiên Lương - Quốc lộ 80 - Bến xe Tri Tôn,,,"Huyện Gò Quao, Tỉnh Kiên Giang"
322,T322,Trước Xăng dầu số 2,,,,Quốc lộ 80,Bến xe Kiên Lương - Quốc lộ 80 - Bến xe Tri Tôn,,,"Huyện Gò Quao, Tỉnh Kiên Giang"
323,T323,Trạm trước UBND TT Kiên Lương,,,,Quốc lộ 80,Bến xe Kiên Lương - Quốc lộ 80 - Bến xe Tri Tôn,,,"Huyện Gò Quao, Tỉnh Kiên Giang"
44,T44,Km122,,,,Quốc lộ 80,Bến xe Rạch Giá - Nguyễn Bỉnh Khiêm - Quốc lộ 80 - Bến xe Tri Tôn,,,"Huyện Châu Thành, Tỉnh Kiên Giang"
12,T12,Điểm dừng đón - trả khách - Điểm 01,Số nhà 49 đường 30/4,911,,30/4,Dương Đông - Suối Tranh - Dương Tơ,,,"Huyện Châu Thành, Tỉnh Kiên Giang"
4,T4,Trạm xe buýt,"X4F5+F42, P. An Hoà, Rạch Giá, tỉnh Kiên Giang, Việt Nam",899,30748,,,105.1073404,9.974218578,"Huyện Châu Thành, Tỉnh Kiên Giang"
11,T11,Trạm xe Buýt,"Nguyễn Trung Trực, P. An Hoà, Tp. Rạch Giá, tỉnh Kiên Giang, Việt Nam",899,30748,Nguyễn Trung Trực,,105.1078023,9.974107078,"Huyện Châu Thành, Tỉnh Kiên Giang"
10,T10,Trạm xe Buýt,"Mạc Cửu, Vĩnh Thanh, Rạch Giá, tỉnh Kiên Giang, Việt Nam",899,30733,Mạc Cửu,,105.0858536,10.0155418,"Huyện Châu Thành, Tỉnh Kiên Giang"
9,T9,Trạm xe buýt,"Mạc Cửu, Vĩnh Thông, Tp. Rạch Giá, tỉnh Kiên Giang, Việt Nam",899,30760,Mạc Cửu,,105.0849122,10.03499189,"Huyện Châu Thành, Tỉnh Kiên Giang"
8,T8,Bến xe Rạch Sỏi,"168 Mai Thị Hồng Hạnh, Vĩnh Hoà Hiệp, Châu Thành, tỉnh Kiên Giang, Việt Nam",905,30892,Mai Thị Hồng Hạnh,,105.1287081,9.945203679,"Huyện Châu Thành, Tỉnh Kiên Giang"
7,T7,Trạm xe buýt,"QL80, Mỹ Lâm, Hòn Đất",903,30844,QL80,,105.0733654,10.04986664,"Huyện Châu Thành, Tỉnh Kiên Giang"
6,T6,Trạm xe buýt,"Mai Thị Hồng Hạnh, Vĩnh Hòa Hiệp, Châu Thành",905,30892,Mai Thị Hồng Hạnh,,105.1374085,9.932685722,"Huyện Châu Thành, Tỉnh Kiên Giang"
2,T2,Trạm xe buýt Rạch Giá - Giồng Riềng,"Mai Thị Hồng Hạnh, Vĩnh Hoà Hiệp, Châu Thành",905,30892,Mai Thị Hồng Hạnh,,105.1350027,9.935042808,"Huyện Châu Thành, Tỉnh Kiên Giang"
294,T294,Gần đối diện Km168,,,,Quốc lộ 80,Bến xe Kiên Lương - Quốc lộ 80 - Bến xe Tri Tôn,,,"Huyện Châu Thành, Tỉnh Kiên Giang"
5,T5,Trạm xe buýt,"QL80, Mỹ Lâm, Hòn Đất",903,30844,QL80,,105.0631944,10.06303734,"Huyện Châu Thành, Tỉnh Kiên Giang"
17,T17,Điểm dừng đón - trả khách - Điểm 06,"Gần Bưu điện An Thới, cột điện 475PQ/335/60 đường tỉnh 973",911,,Đường tỉnh 973,Dương Đông - Suối Tranh - Dương Tơ,,,"Huyện Châu Thành, Tỉnh Kiên Giang"
16,T16,Điểm dừng đón - trả khách - Điểm 05,"Gần ngã ba đường vào Bãi Sao, cột điện 475PQ/278/55 đường tỉnh 973",911,,Đường tỉnh 973,Dương Đông - Suối Tranh - Dương Tơ,,,"Huyện Châu Thành, Tỉnh Kiên Giang"
15,T15,Điểm dừng đón - trả khách - Điểm 04,"Gần ngã ba đường tỉnh 973 vào chùa Hộ Quốc, cột điện DVH/2/5 đường tỉnh 973",911,,Đường tỉnh 973,Dương Đông - Suối Tranh - Dương Tơ,,,"Huyện Châu Thành, Tỉnh Kiên Giang"
14,T14,Điểm dừng đón - trả khách - Điểm 03,"Ngọc trai LongBeach, cột điện 474PQ/195 đường Trần Hưng Đạo (ngang cội nguồn)",911,,Trần Hưng Đạo,Dương Đông - Suối Tranh - Dương Tơ,,,"Huyện Châu Thành, Tỉnh Kiên Giang"
13,T13,Điểm dừng đón - trả khách - Điểm 02,"Khách sạn Thiên Hải Sơn, cột điện 474PQ/145 đường Trần Hưng Đạo",911,,Trần Hưng Đạo,Dương Đông - Suối Tranh - Dương Tơ,,,"Huyện Châu Thành, Tỉnh Kiên Giang"
23,T23,Điểm dừng đón - trả khách - Điểm 06,Số 221 đường Nguyễn Trung Trực (tiệm vàng Kim Thanh 2),911,,Nguyễn Trung Trực,Dương Tơ - Suối Tranh - Dương Đông,,,"Huyện Châu Thành, Tỉnh Kiên Giang"
22,T22,Điểm dừng đón - trả khách - Điểm 05,"Gần trường PTTH Phú Quốc, đường Hùng Vương",911,,Hùng Vương,Dương Tơ - Suối Tranh - Dương Đông,,,"Huyện Châu Thành, Tỉnh Kiên Giang"
21,T21,Điểm dừng đón - trả khách - Điểm 04,"Gần trường học Dương Đông, tại cột điện 474PQ/114 đường 30/4",911,,30/4,Dương Tơ - Suối Tranh - Dương Đông,,,"Huyện Châu Thành, Tỉnh Kiên Giang"
3,T3,Bến xe Rạch Giá,"Vĩnh Thanh, Rạch Giá",899,30733,,,105.0830441,10.0187171,"Huyện Châu Thành, Tỉnh Kiên Giang"
20,T20,Điểm dừng đón - trả khách - Điểm 03,"Ngã ba đường vào Sân bay Phú Quốc và đường tỉnh 973, tại cột điện 5-3P2/18 đường tỉnh 973",911,,Đường tỉnh 973,Dương Tơ - Suối Tranh - Dương Đông,,,"Huyện Châu Thành, Tỉnh Kiên Giang"
19,T19,Điểm dừng đón - trả khách - Điểm 02,"Gần ngã ba đường tỉnh 973 vào chùa Hộ Quốc, cột điện 475PQ/296 đường tỉnh 973",911,,Đường tỉnh 973,Dương Tơ - Suối Tranh - Dương Đông,,,"Huyện Châu Thành, Tỉnh Kiên Giang"
18,T18,Điểm dừng đón - trả khách - Điểm 01,"Gần trường THCS An Thới 2, cột điện 475PQ/328A đường tỉnh 973",911,,Đường tỉnh 973,Dương Tơ - Suối Tranh - Dương Đông,,,"Huyện Châu Thành, Tỉnh Kiên Giang"
24,T24,Km14+050,Thị trấn Giồng Riềng,,,Quốc lộ 61,Ngã 3 Minh Lương - Quốc lộ 61 - Ngã 3 Bến Nhứt - Giồng Riềng,,,"Huyện Châu Thành, Tỉnh Kiên Giang"
25,T25,Km14+450,Thị trấn Giồng Riềng,,,Quốc lộ 61,Ngã 3 Minh Lương - Quốc lộ 61 - Ngã 3 Bến Nhứt - Giồng Riềng,,,"Huyện Châu Thành, Tỉnh Kiên Giang"
26,T26,Km14+850,Thị trấn Giồng Riềng,,,Quốc lộ 61,Ngã 3 Minh Lương - Quốc lộ 61 - Ngã 3 Bến Nhứt - Giồng Riềng,,,"Huyện Châu Thành, Tỉnh Kiên Giang"
27,T27,Km15+300,Thị trấn Giồng Riềng,,,Quốc lộ 61,Ngã 3 Minh Lương - Quốc lộ 61 - Ngã 3 Bến Nhứt - Giồng Riềng,,,"Huyện Châu Thành, Tỉnh Kiên Giang"
28,T28,Km15+500,Thị trấn Giồng Riềng,,,Quốc lộ 61,Ngã 3 Minh Lương - Quốc lộ 61 - Ngã 3 Bến Nhứt - Giồng Riềng,,,"Huyện Châu Thành, Tỉnh Kiên Giang"
29,T29,Km16+250,Thị trấn Giồng Riềng,,,Quốc lộ 61,Ngã 3 Minh Lương - Quốc lộ 61 - Ngã 3 Bến Nhứt - Giồng Riềng,,,"Huyện Châu Thành, Tỉnh Kiên Giang"
30,T30,Km17+100,Thị trấn Giồng Riềng,,,Quốc lộ 61,Ngã 3 Minh Lương - Quốc lộ 61 - Ngã 3 Bến Nhứt - Giồng Riềng,,,"Huyện Châu Thành, Tỉnh Kiên Giang"
31,T31,Km17+800,Thị trấn Giồng Riềng,,,Quốc lộ 61,Ngã 3 Minh Lương - Quốc lộ 61 - Ngã 3 Bến Nhứt - Giồng Riềng,,,"Huyện Châu Thành, Tỉnh Kiên Giang"
32,T32,Km18+300,Thị trấn Giồng Riềng,,,Quốc lộ 61,Ngã 3 Minh Lương - Quốc lộ 61 - Ngã 3 Bến Nhứt - Giồng Riềng,,,"Huyện Châu Thành, Tỉnh Kiên Giang"
33,T33,Km19+300,Thị trấn Giồng Riềng,,,Quốc lộ 61,Ngã 3 Minh Lương - Quốc lộ 61 - Ngã 3 Bến Nhứt - Giồng Riềng,,,"Huyện Châu Thành, Tỉnh Kiên Giang"
34,T34,Km19+800,Thị trấn Giồng Riềng,,,Quốc lộ 61,Ngã 3 Minh Lương - Quốc lộ 61 - Ngã 3 Bến Nhứt - Giồng Riềng,,,"Huyện Châu Thành, Tỉnh Kiên Giang"
35,T35,Km20+00,Thị trấn Giồng Riềng,,,Quốc lộ 61,Ngã 3 Minh Lương - Quốc lộ 61 - Ngã 3 Bến Nhứt - Giồng Riềng,,,"Huyện Châu Thành, Tỉnh Kiên Giang"
36,T36,Km20+900,Thị trấn Giồng Riềng,,,Quốc lộ 61,Ngã 3 Minh Lương - Quốc lộ 61 - Ngã 3 Bến Nhứt - Giồng Riềng,,,"Huyện Châu Thành, Tỉnh Kiên Giang"
37,T37,Trạm đối diện Bưu điện huyện Giồng Riềng,Thị trấn Giồng Riềng,,,Quốc lộ 61,Ngã 3 Minh Lương - Quốc lộ 61 - Ngã 3 Bến Nhứt - Giồng Riềng,105.314692,9.909427,"Huyện Châu Thành, Tỉnh Kiên Giang"
38,T38,Trạm đối diện Huyện ủy Giồng Riềng,Thị trấn Giồng Riềng,,,Quốc lộ 61,Ngã 3 Minh Lương - Quốc lộ 61 - Ngã 3 Bến Nhứt - Giồng Riềng,105.314939,9.909823,"Huyện Châu Thành, Tỉnh Kiên Giang"
39,T39,Km0+250 Nguyễn Bỉnh Khiêm,,,,Nguyễn Bỉnh Khiêm,Bến xe Rạch Giá - Nguyễn Bỉnh Khiêm - Quốc lộ 80 - Bến xe Tri Tôn,,,"Huyện Châu Thành, Tỉnh Kiên Giang"
40,T40,Km0+500 Nguyễn Bỉnh Khiêm,,,,Nguyễn Bỉnh Khiêm,Bến xe Rạch Giá - Nguyễn Bỉnh Khiêm - Quốc lộ 80 - Bến xe Tri Tôn,,,"Huyện Châu Thành, Tỉnh Kiên Giang"
41,T41,Nhà chờ gần Cây xăng số 2,,,,Nguyễn Bỉnh Khiêm,Bến xe Rạch Giá - Nguyễn Bỉnh Khiêm - Quốc lộ 80 - Bến xe Tri Tôn,,,"Huyện Châu Thành, Tỉnh Kiên Giang"
42,T42,"Km121+300, số 426",,,,Quốc lộ 80,Bến xe Rạch Giá - Nguyễn Bỉnh Khiêm - Quốc lộ 80 - Bến xe Tri Tôn,,,"Huyện Châu Thành, Tỉnh Kiên Giang"
43,T43,"Km121+300, số 426",,,,Quốc lộ 80,Bến xe Rạch Giá - Nguyễn Bỉnh Khiêm - Quốc lộ 80 - Bến xe Tri Tôn,,,"Huyện Châu Thành, Tỉnh Kiên Giang"
45,T45,Km122+200,,,,Quốc lộ 80,Bến xe Rạch Giá - Nguyễn Bỉnh Khiêm - Quốc lộ 80 - Bến xe Tri Tôn,,,"Huyện Châu Thành, Tỉnh Kiên Giang"
46,T46,Km12+550 số 782,,,,Quốc lộ 80,Bến xe Rạch Giá - Nguyễn Bỉnh Khiêm - Quốc lộ 80 - Bến xe Tri Tôn,,,"Huyện Châu Thành, Tỉnh Kiên Giang"
47,T47,Km12+850,,,,Quốc lộ 80,Bến xe Rạch Giá - Nguyễn Bỉnh Khiêm - Quốc lộ 80 - Bến xe Tri Tôn,,,"Huyện Châu Thành, Tỉnh Kiên Giang"
48,T48,Gần km123+100,,,,Quốc lộ 80,Bến xe Rạch Giá - Nguyễn Bỉnh Khiêm - Quốc lộ 80 - Bến xe Tri Tôn,,,"Huyện Châu Thành, Tỉnh Kiên Giang"
49,T49,Số 1044 gần Km123+450,,,,Quốc lộ 80,Bến xe Rạch Giá - Nguyễn Bỉnh Khiêm - Quốc lộ 80 - Bến xe Tri Tôn,,,"Huyện Châu Thành, Tỉnh Kiên Giang"
50,T50,Trạm trước Phế liệu Phát Đạt số 1164,,,,Quốc lộ 80,Bến xe Rạch Giá - Nguyễn Bỉnh Khiêm - Quốc lộ 80 - Bến xe Tri Tôn,,,"Huyện Châu Thành, Tỉnh Kiên Giang"
51,T51,Km123+750,,,,Quốc lộ 80,Bến xe Rạch Giá - Nguyễn Bỉnh Khiêm - Quốc lộ 80 - Bến xe Tri Tôn,,,"Huyện Châu Thành, Tỉnh Kiên Giang"
52,T52,Km124+500,,,,Quốc lộ 80,Bến xe Rạch Giá - Nguyễn Bỉnh Khiêm - Quốc lộ 80 - Bến xe Tri Tôn,,,"Huyện Châu Thành, Tỉnh Kiên Giang"
53,T53,Trạm trước Uốn tóc Như Thảo số 38,,,,Quốc lộ 80,Bến xe Rạch Giá - Nguyễn Bỉnh Khiêm - Quốc lộ 80 - Bến xe Tri Tôn,,,"Huyện Châu Thành, Tỉnh Kiên Giang"
54,T54,Trạm gần Km125+150,,,,Quốc lộ 80,Bến xe Rạch Giá - Nguyễn Bỉnh Khiêm - Quốc lộ 80 - Bến xe Tri Tôn,,,"Huyện Châu Thành, Tỉnh Kiên Giang"
55,T55,Km125+900,,,,Quốc lộ 80,Bến xe Rạch Giá - Nguyễn Bỉnh Khiêm - Quốc lộ 80 - Bến xe Tri Tôn,,,"Huyện Châu Thành, Tỉnh Kiên Giang"
56,T56,Trạm trước Honda Thành Tâm gần Km126+400,,,,Quốc lộ 80,Bến xe Rạch Giá - Nguyễn Bỉnh Khiêm - Quốc lộ 80 - Bến xe Tri Tôn,,,"Huyện Châu Thành, Tỉnh Kiên Giang"
57,T57,Nhà chờ Km126+900,,,,Quốc lộ 80,Bến xe Rạch Giá - Nguyễn Bỉnh Khiêm - Quốc lộ 80 - Bến xe Tri Tôn,,,"Huyện Châu Thành, Tỉnh Kiên Giang"
58,T58,Trạm gần Km127+400,,,,Quốc lộ 80,Bến xe Rạch Giá - Nguyễn Bỉnh Khiêm - Quốc lộ 80 - Bến xe Tri Tôn,,,"Huyện Châu Thành, Tỉnh Kiên Giang"
59,T59,Trạm gần Km128,,,,Quốc lộ 80,Bến xe Rạch Giá - Nguyễn Bỉnh Khiêm - Quốc lộ 80 - Bến xe Tri Tôn,,,"Huyện Châu Thành, Tỉnh Kiên Giang"
60,T60,Km128+300,,,,Quốc lộ 80,Bến xe Rạch Giá - Nguyễn Bỉnh Khiêm - Quốc lộ 80 - Bến xe Tri Tôn,,,"Huyện Châu Thành, Tỉnh Kiên Giang"
61,T61,Km128+950,,,,Quốc lộ 80,Bến xe Rạch Giá - Nguyễn Bỉnh Khiêm - Quốc lộ 80 - Bến xe Tri Tôn,,,"Huyện Châu Thành, Tỉnh Kiên Giang"
62,T62,Trạm đối diện doanh trại quân đội gần Km129+500,,,,Quốc lộ 80,Bến xe Rạch Giá - Nguyễn Bỉnh Khiêm - Quốc lộ 80 - Bến xe Tri Tôn,,,"Huyện Châu Thành, Tỉnh Kiên Giang"
63,T63,Km130,,,,Quốc lộ 80,Bến xe Rạch Giá - Nguyễn Bỉnh Khiêm - Quốc lộ 80 - Bến xe Tri Tôn,,,"Huyện Châu Thành, Tỉnh Kiên Giang"
64,T64,Trạm đối diện Trường Trung học Mỹ Hưng,,,,Quốc lộ 80,Bến xe Rạch Giá - Nguyễn Bỉnh Khiêm - Quốc lộ 80 - Bến xe Tri Tôn,,,"Huyện Châu Thành, Tỉnh Kiên Giang"
65,T65,Km130+800,,,,Quốc lộ 80,Bến xe Rạch Giá - Nguyễn Bỉnh Khiêm - Quốc lộ 80 - Bến xe Tri Tôn,,,"Huyện Châu Thành, Tỉnh Kiên Giang"
66,T66,Km131+500,,,,Quốc lộ 80,Bến xe Rạch Giá - Nguyễn Bỉnh Khiêm - Quốc lộ 80 - Bến xe Tri Tôn,,,"Huyện Châu Thành, Tỉnh Kiên Giang"
67,T67,Km131+900,,,,Quốc lộ 80,Bến xe Rạch Giá - Nguyễn Bỉnh Khiêm - Quốc lộ 80 - Bến xe Tri Tôn,,,"Huyện Châu Thành, Tỉnh Kiên Giang"
68,T68,Trạm đối diện gần Km132+500,,,,Quốc lộ 80,Bến xe Rạch Giá - Nguyễn Bỉnh Khiêm - Quốc lộ 80 - Bến xe Tri Tôn,,,"Huyện Châu Thành, Tỉnh Kiên Giang"
69,T69,Trạm gần Km133,,,,Quốc lộ 80,Bến xe Rạch Giá - Nguyễn Bỉnh Khiêm - Quốc lộ 80 - Bến xe Tri Tôn,,,"Huyện Châu Thành, Tỉnh Kiên Giang"
70,T70,Trạm gần Km133+600 Kho Hải Sơn,,,,Quốc lộ 80,Bến xe Rạch Giá - Nguyễn Bỉnh Khiêm - Quốc lộ 80 - Bến xe Tri Tôn,,,"Huyện Châu Thành, Tỉnh Kiên Giang"
71,T71,Km134,,,,Quốc lộ 80,Bến xe Rạch Giá - Nguyễn Bỉnh Khiêm - Quốc lộ 80 - Bến xe Tri Tôn,,,"Huyện Châu Thành, Tỉnh Kiên Giang"
72,T72,Trạm gần Km133+500,,,,Quốc lộ 80,Bến xe Rạch Giá - Nguyễn Bỉnh Khiêm - Quốc lộ 80 - Bến xe Tri Tôn,,,"Huyện Châu Thành, Tỉnh Kiên Giang"
73,T73,Nhà chờ trước Bưu điện Sóc Xoài,,,,Quốc lộ 80,Bến xe Rạch Giá - Nguyễn Bỉnh Khiêm - Quốc lộ 80 - Bến xe Tri Tôn,,,"Huyện Châu Thành, Tỉnh Kiên Giang"
74,T74,Trạm gần Km135+650 Honda Bảy Xem,,,,Quốc lộ 80,Bến xe Rạch Giá - Nguyễn Bỉnh Khiêm - Quốc lộ 80 - Bến xe Tri Tôn,,,"Huyện Châu Thành, Tỉnh Kiên Giang"
75,T75,Trạm gần Km135+850,,,,Quốc lộ 80,Bến xe Rạch Giá - Nguyễn Bỉnh Khiêm - Quốc lộ 80 - Bến xe Tri Tôn,,,"Huyện Châu Thành, Tỉnh Kiên Giang"
76,T76,Km14+00,Thị trấn Giồng Riềng,,,Quốc lộ 61,Giồng Riềng - Ngã 3 Bến Nhứt - Quốc lộ 61 - Ngã 3 Minh Lương,,,"Huyện Châu Thành, Tỉnh Kiên Giang"
77,T77,Km14+400,,,,Quốc lộ 61,Giồng Riềng - Ngã 3 Bến Nhứt - Quốc lộ 61 - Ngã 3 Minh Lương,,,"Huyện Châu Thành, Tỉnh Kiên Giang"
78,T78,Km14+750,,,,Quốc lộ 61,Giồng Riềng - Ngã 3 Bến Nhứt - Quốc lộ 61 - Ngã 3 Minh Lương,,,"Huyện Châu Thành, Tỉnh Kiên Giang"
79,T79,Km15+350,,,,Quốc lộ 61,Giồng Riềng - Ngã 3 Bến Nhứt - Quốc lộ 61 - Ngã 3 Minh Lương,,,"Huyện Châu Thành, Tỉnh Kiên Giang"
80,T80,Km15+550,,,,Quốc lộ 61,Giồng Riềng - Ngã 3 Bến Nhứt - Quốc lộ 61 - Ngã 3 Minh Lương,,,"Huyện Châu Thành, Tỉnh Kiên Giang"
81,T81,Km16+300,,,,Quốc lộ 61,Giồng Riềng - Ngã 3 Bến Nhứt - Quốc lộ 61 - Ngã 3 Minh Lương,,,"Huyện Châu Thành, Tỉnh Kiên Giang"
82,T82,Km17+200,,,,Quốc lộ 61,Giồng Riềng - Ngã 3 Bến Nhứt - Quốc lộ 61 - Ngã 3 Minh Lương,,,"Huyện Châu Thành, Tỉnh Kiên Giang"
83,T83,Km17+850,,,,Quốc lộ 61,Giồng Riềng - Ngã 3 Bến Nhứt - Quốc lộ 61 - Ngã 3 Minh Lương,,,"Huyện Châu Thành, Tỉnh Kiên Giang"
84,T84,Km18+400,,,,Quốc lộ 61,Giồng Riềng - Ngã 3 Bến Nhứt - Quốc lộ 61 - Ngã 3 Minh Lương,,,"Huyện Châu Thành, Tỉnh Kiên Giang"
85,T85,Km19+250,,,,Quốc lộ 61,Giồng Riềng - Ngã 3 Bến Nhứt - Quốc lộ 61 - Ngã 3 Minh Lương,,,"Huyện Châu Thành, Tỉnh Kiên Giang"
86,T86,Km19+700,,,,Quốc lộ 61,Giồng Riềng - Ngã 3 Bến Nhứt - Quốc lộ 61 - Ngã 3 Minh Lương,,,"Huyện Châu Thành, Tỉnh Kiên Giang"
87,T87,Km20+200,,,,Quốc lộ 61,Giồng Riềng - Ngã 3 Bến Nhứt - Quốc lộ 61 - Ngã 3 Minh Lương,,,"Huyện Châu Thành, Tỉnh Kiên Giang"
88,T88,Km20+500,,,,Quốc lộ 61,Giồng Riềng - Ngã 3 Bến Nhứt - Quốc lộ 61 - Ngã 3 Minh Lương,,,"Huyện Châu Thành, Tỉnh Kiên Giang"
89,T89,Km20+850,,,,Quốc lộ 61,Giồng Riềng - Ngã 3 Bến Nhứt - Quốc lộ 61 - Ngã 3 Minh Lương,,,"Huyện Châu Thành, Tỉnh Kiên Giang"
90,T90,Bến xe Km21+200,,,,Quốc lộ 61,Giồng Riềng - Ngã 3 Bến Nhứt - Quốc lộ 61 - Ngã 3 Minh Lương,,,"Huyện Châu Thành, Tỉnh Kiên Giang"
91,T91,Trạm gần Bưu điện huyện Giồng Riềng,,,,Quốc lộ 61,Giồng Riềng - Ngã 3 Bến Nhứt - Quốc lộ 61 - Ngã 3 Minh Lương,105.314408,9.909115,"Huyện Châu Thành, Tỉnh Kiên Giang"
92,T92,Trạm gần Huyện ủy Giồng Riềng,,,,Quốc lộ 61,Giồng Riềng - Ngã 3 Bến Nhứt - Quốc lộ 61 - Ngã 3 Minh Lương,105.314735,9.909739,"Huyện Châu Thành, Tỉnh Kiên Giang"
93,T93,Km0+200 Nguyễn Bỉnh Khiêm,,,,Nguyễn Bỉnh Khiêm,Bến xe Tri Tôn - Quốc lộ 80 - Nguyễn Bỉnh Khiêm - Bến xe Rạch Giá,,,"Huyện Châu Thành, Tỉnh Kiên Giang"
94,T94,Km0+530 Nguyễn Bỉnh Khiêm,,,,Nguyễn Bỉnh Khiêm,Bến xe Tri Tôn - Quốc lộ 80 - Nguyễn Bỉnh Khiêm - Bến xe Rạch Giá,,,"Huyện Châu Thành, Tỉnh Kiên Giang"
95,T95,Km0+800 Nguyễn Bỉnh Khiêm,,,,Nguyễn Bỉnh Khiêm,Bến xe Tri Tôn - Quốc lộ 80 - Nguyễn Bỉnh Khiêm - Bến xe Rạch Giá,,,"Huyện Châu Thành, Tỉnh Kiên Giang"
96,T96,Km121+300,,,,Quốc lộ 80,Bến xe Tri Tôn - Quốc lộ 80 - Nguyễn Bỉnh Khiêm - Bến xe Rạch Giá,,,"Huyện Châu Thành, Tỉnh Kiên Giang"
97,T97,"Km121+500, số 549A",,,,Quốc lộ 80,Bến xe Tri Tôn - Quốc lộ 80 - Nguyễn Bỉnh Khiêm - Bến xe Rạch Giá,,,"Huyện Châu Thành, Tỉnh Kiên Giang"
98,T98,Cây xăng Kim Linh,,,,Quốc lộ 80,Bến xe Tri Tôn - Quốc lộ 80 - Nguyễn Bỉnh Khiêm - Bến xe Rạch Giá,,,"Huyện Châu Thành, Tỉnh Kiên Giang"
99,T99,Số 687 gần Tạp hóa Khánh Dũng,,,,Quốc lộ 80,Bến xe Tri Tôn - Quốc lộ 80 - Nguyễn Bỉnh Khiêm - Bến xe Rạch Giá,,,"Huyện Châu Thành, Tỉnh Kiên Giang"
100,T100,Nhà chờ trước Trường học Nguyễn Thái Bình,,,,Quốc lộ 80,Bến xe Tri Tôn - Quốc lộ 80 - Nguyễn Bỉnh Khiêm - Bến xe Rạch Giá,,,"Huyện Châu Thành, Tỉnh Kiên Giang"
101,T101,Trạm trước doanh trại quân đội đối diện Km12+850,,,,Quốc lộ 80,Bến xe Tri Tôn - Quốc lộ 80 - Nguyễn Bỉnh Khiêm - Bến xe Rạch Giá,,,"Huyện Châu Thành, Tỉnh Kiên Giang"
102,T102,Số 853,,,,Quốc lộ 80,Bến xe Tri Tôn - Quốc lộ 80 - Nguyễn Bỉnh Khiêm - Bến xe Rạch Giá,,,"Huyện Châu Thành, Tỉnh Kiên Giang"
103,T103,Trạm trước khu vực nghĩa trang liệt sĩ đối diện Km 123+450,,,,Quốc lộ 80,Bến xe Tri Tôn - Quốc lộ 80 - Nguyễn Bỉnh Khiêm - Bến xe Rạch Giá,,,"Huyện Châu Thành, Tỉnh Kiên Giang"
104,T104,Nhà chờ trước Tiểu học Nguyễn Thái Bình,,,,Quốc lộ 80,Bến xe Tri Tôn - Quốc lộ 80 - Nguyễn Bỉnh Khiêm - Bến xe Rạch Giá,,,"Huyện Châu Thành, Tỉnh Kiên Giang"
105,T105,Trạm trước nhà trọ Phương Trang đối diện Km123+750,,,,Quốc lộ 80,Bến xe Tri Tôn - Quốc lộ 80 - Nguyễn Bỉnh Khiêm - Bến xe Rạch Giá,,,"Huyện Châu Thành, Tỉnh Kiên Giang"
106,T106,Trạm gần đối diện Km124,,,,Quốc lộ 80,Bến xe Tri Tôn - Quốc lộ 80 - Nguyễn Bỉnh Khiêm - Bến xe Rạch Giá,,,"Huyện Châu Thành, Tỉnh Kiên Giang"
107,T107,Nhà chờ trước Tiểu học Mỹ Lâm,,,,Quốc lộ 80,Bến xe Tri Tôn - Quốc lộ 80 - Nguyễn Bỉnh Khiêm - Bến xe Rạch Giá,,,"Huyện Châu Thành, Tỉnh Kiên Giang"
108,T108,Trạm gần Công ty TNHH Phương Linh số 145,,,,Quốc lộ 80,Bến xe Tri Tôn - Quốc lộ 80 - Nguyễn Bỉnh Khiêm - Bến xe Rạch Giá,,,"Huyện Châu Thành, Tỉnh Kiên Giang"
109,T109,Trạm gần đối diện Km126,,,,Quốc lộ 80,Bến xe Tri Tôn - Quốc lộ 80 - Nguyễn Bỉnh Khiêm - Bến xe Rạch Giá,,,"Huyện Châu Thành, Tỉnh Kiên Giang"
110,T110,Nhà chờ trước Trường TH Mỹ Lâm,,,,Quốc lộ 80,Bến xe Tri Tôn - Quốc lộ 80 - Nguyễn Bỉnh Khiêm - Bến xe Rạch Giá,,,"Huyện Châu Thành, Tỉnh Kiên Giang"
111,T111,Trạm trước Áo cưới Kiều Nhi đối diện Km126+900,,,,Quốc lộ 80,Bến xe Tri Tôn - Quốc lộ 80 - Nguyễn Bỉnh Khiêm - Bến xe Rạch Giá,,,"Huyện Châu Thành, Tỉnh Kiên Giang"
112,T112,Trạm trước UBND xã Mỹ Lâm,,,,Quốc lộ 80,Bến xe Tri Tôn - Quốc lộ 80 - Nguyễn Bỉnh Khiêm - Bến xe Rạch Giá,,,"Huyện Châu Thành, Tỉnh Kiên Giang"
113,T113,Trạm đối diện Km127+900,,,,Quốc lộ 80,Bến xe Tri Tôn - Quốc lộ 80 - Nguyễn Bỉnh Khiêm - Bến xe Rạch Giá,,,"Huyện Châu Thành, Tỉnh Kiên Giang"
114,T114,Trạm gần Cống Thầy Xếp,,,,Quốc lộ 80,Bến xe Tri Tôn - Quốc lộ 80 - Nguyễn Bỉnh Khiêm - Bến xe Rạch Giá,,,"Huyện Châu Thành, Tỉnh Kiên Giang"
115,T115,Trạm gần km128+600,,,,Quốc lộ 80,Bến xe Tri Tôn - Quốc lộ 80 - Nguyễn Bỉnh Khiêm - Bến xe Rạch Giá,,,"Huyện Châu Thành, Tỉnh Kiên Giang"
116,T116,Trạm gần Trường tình thương Mỹ Lâm,,,,Quốc lộ 80,Bến xe Tri Tôn - Quốc lộ 80 - Nguyễn Bỉnh Khiêm - Bến xe Rạch Giá,,,"Huyện Châu Thành, Tỉnh Kiên Giang"
117,T117,Trạm gần Cống số 3 Km 129+903,,,,Quốc lộ 80,Bến xe Tri Tôn - Quốc lộ 80 - Nguyễn Bỉnh Khiêm - Bến xe Rạch Giá,,,"Huyện Châu Thành, Tỉnh Kiên Giang"
118,T118,Trạm trước Tạp hóa BÌnh Bền gần đối diện Km130,,,,Quốc lộ 80,Bến xe Tri Tôn - Quốc lộ 80 - Nguyễn Bỉnh Khiêm - Bến xe Rạch Giá,,,"Huyện Châu Thành, Tỉnh Kiên Giang"
200,T200,Km170+500,,,,Quốc lộ 80,Bến xe Tri Tôn - Quốc lộ 80 - Bến xe Kiên Lương,,,"Huyện Châu Thành, Tỉnh Kiên Giang"
119,T119,Nhà chờ trước Trường Trung học Mỹ Hưng,,,,Quốc lộ 80,Bến xe Tri Tôn - Quốc lộ 80 - Nguyễn Bỉnh Khiêm - Bến xe Rạch Giá,,,"Huyện Châu Thành, Tỉnh Kiên Giang"
120,T120,Trạm gần đối diện Km131,,,,Quốc lộ 80,Bến xe Tri Tôn - Quốc lộ 80 - Nguyễn Bỉnh Khiêm - Bến xe Rạch Giá,,,"Huyện Châu Thành, Tỉnh Kiên Giang"
121,T121,Trạm trước Khu xí nghiệp 536,,,,Quốc lộ 80,Bến xe Tri Tôn - Quốc lộ 80 - Nguyễn Bỉnh Khiêm - Bến xe Rạch Giá,,,"Huyện Châu Thành, Tỉnh Kiên Giang"
122,T122,Trạm trước Sản xuất nước đá Tư Hưng gần Km132,,,,Quốc lộ 80,Bến xe Tri Tôn - Quốc lộ 80 - Nguyễn Bỉnh Khiêm - Bến xe Rạch Giá,,,"Huyện Châu Thành, Tỉnh Kiên Giang"
123,T123,Trạm gần Km132+500,,,,Quốc lộ 80,Bến xe Tri Tôn - Quốc lộ 80 - Nguyễn Bỉnh Khiêm - Bến xe Rạch Giá,,,"Huyện Châu Thành, Tỉnh Kiên Giang"
124,T124,Trạm đối diện gần Km133,,,,Quốc lộ 80,Bến xe Tri Tôn - Quốc lộ 80 - Nguyễn Bỉnh Khiêm - Bến xe Rạch Giá,,,"Huyện Châu Thành, Tỉnh Kiên Giang"
125,T125,Trạm đối diện Km133+600,,,,Quốc lộ 80,Bến xe Tri Tôn - Quốc lộ 80 - Nguyễn Bỉnh Khiêm - Bến xe Rạch Giá,,,"Huyện Châu Thành, Tỉnh Kiên Giang"
126,T126,Trạm đối diện gần Km134 Honda Chiến,,,,Quốc lộ 80,Bến xe Tri Tôn - Quốc lộ 80 - Nguyễn Bỉnh Khiêm - Bến xe Rạch Giá,,,"Huyện Châu Thành, Tỉnh Kiên Giang"
127,T127,Trạm đối diện Km133+500,,,,Quốc lộ 80,Bến xe Tri Tôn - Quốc lộ 80 - Nguyễn Bỉnh Khiêm - Bến xe Rạch Giá,,,"Huyện Châu Thành, Tỉnh Kiên Giang"
128,T128,Nhà chờ đối diện UBND Xã Sóc Sơn,,,,Quốc lộ 80,Bến xe Tri Tôn - Quốc lộ 80 - Nguyễn Bỉnh Khiêm - Bến xe Rạch Giá,,,"Huyện Châu Thành, Tỉnh Kiên Giang"
129,T129,Trạm đối diện gần Km135+650,,,,Quốc lộ 80,Bến xe Tri Tôn - Quốc lộ 80 - Nguyễn Bỉnh Khiêm - Bến xe Rạch Giá,,,"Huyện Châu Thành, Tỉnh Kiên Giang"
130,T130,Nhà chờ trước Tiểu học TT Sóc Sơn,,,,Quốc lộ 80,Bến xe Tri Tôn - Quốc lộ 80 - Nguyễn Bỉnh Khiêm - Bến xe Rạch Giá,,,"Huyện Châu Thành, Tỉnh Kiên Giang"
131,T131,Trạm đối diện Km136+200 tạp hóa Minh Trí,,,,Quốc lộ 80,Bến xe Rạch Giá - Nguyễn Bỉnh Khiêm - Quốc lộ 80 - Bến xe Tri Tôn,,,"Huyện Châu Thành, Tỉnh Kiên Giang"
132,T132,Trạm đối diện Km136+400,,,,Quốc lộ 80,Bến xe Rạch Giá - Nguyễn Bỉnh Khiêm - Quốc lộ 80 - Bến xe Tri Tôn,,,"Huyện Châu Thành, Tỉnh Kiên Giang"
133,T133,Trạm gần Km136+900,,,,Quốc lộ 80,Bến xe Rạch Giá - Nguyễn Bỉnh Khiêm - Quốc lộ 80 - Bến xe Tri Tôn,,,"Huyện Châu Thành, Tỉnh Kiên Giang"
134,T134,Trạm đối diện Km137+500,,,,Quốc lộ 80,Bến xe Rạch Giá - Nguyễn Bỉnh Khiêm - Quốc lộ 80 - Bến xe Tri Tôn,,,"Huyện Châu Thành, Tỉnh Kiên Giang"
135,T135,Trạm đối diện Trường TH Sơn Kiên,,,,Quốc lộ 80,Bến xe Rạch Giá - Nguyễn Bỉnh Khiêm - Quốc lộ 80 - Bến xe Tri Tôn,,,"Huyện Châu Thành, Tỉnh Kiên Giang"
136,T136,Trạm gần Km138+700,,,,Quốc lộ 80,Bến xe Rạch Giá - Nguyễn Bỉnh Khiêm - Quốc lộ 80 - Bến xe Tri Tôn,,,"Huyện Châu Thành, Tỉnh Kiên Giang"
137,T137,Trạm trước Cà phê Quỳnh Nga Km139,,,,Quốc lộ 80,Bến xe Rạch Giá - Nguyễn Bỉnh Khiêm - Quốc lộ 80 - Bến xe Tri Tôn,,,"Huyện Châu Thành, Tỉnh Kiên Giang"
138,T138,Trạm gần Km139+400,,,,Quốc lộ 80,Bến xe Rạch Giá - Nguyễn Bỉnh Khiêm - Quốc lộ 80 - Bến xe Tri Tôn,,,"Huyện Châu Thành, Tỉnh Kiên Giang"
139,T139,Km140,,,,Quốc lộ 80,Bến xe Rạch Giá - Nguyễn Bỉnh Khiêm - Quốc lộ 80 - Bến xe Tri Tôn,,,"Huyện Châu Thành, Tỉnh Kiên Giang"
140,T140,Km140+350,,,,Quốc lộ 80,Bến xe Rạch Giá - Nguyễn Bỉnh Khiêm - Quốc lộ 80 - Bến xe Tri Tôn,,,"Huyện Châu Thành, Tỉnh Kiên Giang"
141,T141,Km141,,,,Quốc lộ 80,Bến xe Rạch Giá - Nguyễn Bỉnh Khiêm - Quốc lộ 80 - Bến xe Tri Tôn,,,"Huyện Châu Thành, Tỉnh Kiên Giang"
142,T142,Trạm gần Km141+500 Phân bón Vạn Lợi,,,,Quốc lộ 80,Bến xe Rạch Giá - Nguyễn Bỉnh Khiêm - Quốc lộ 80 - Bến xe Tri Tôn,,,"Huyện Châu Thành, Tỉnh Kiên Giang"
143,T143,Trạm gần Km142,,,,Quốc lộ 80,Bến xe Rạch Giá - Nguyễn Bỉnh Khiêm - Quốc lộ 80 - Bến xe Tri Tôn,,,"Huyện Châu Thành, Tỉnh Kiên Giang"
144,T144,Trạm gần Km142+500,,,,Quốc lộ 80,Bến xe Rạch Giá - Nguyễn Bỉnh Khiêm - Quốc lộ 80 - Bến xe Tri Tôn,,,"Huyện Châu Thành, Tỉnh Kiên Giang"
145,T145,Km143,,,,Quốc lộ 80,Bến xe Rạch Giá - Nguyễn Bỉnh Khiêm - Quốc lộ 80 - Bến xe Tri Tôn,,,"Huyện Châu Thành, Tỉnh Kiên Giang"
146,T146,Trạm đối diện gần Km143+500,,,,Quốc lộ 80,Bến xe Rạch Giá - Nguyễn Bỉnh Khiêm - Quốc lộ 80 - Bến xe Tri Tôn,,,"Huyện Châu Thành, Tỉnh Kiên Giang"
147,T147,Trạm đối diện Km143+700,,,,Quốc lộ 80,Bến xe Rạch Giá - Nguyễn Bỉnh Khiêm - Quốc lộ 80 - Bến xe Tri Tôn,,,"Huyện Châu Thành, Tỉnh Kiên Giang"
148,T148,Trạm gần đối diện Km144+200,,,,Quốc lộ 80,Bến xe Rạch Giá - Nguyễn Bỉnh Khiêm - Quốc lộ 80 - Bến xe Tri Tôn,,,"Huyện Châu Thành, Tỉnh Kiên Giang"
149,T149,Trạm đối diện Nghĩa trang Hòn Đất,,,,Quốc lộ 80,Bến xe Rạch Giá - Nguyễn Bỉnh Khiêm - Quốc lộ 80 - Bến xe Tri Tôn,,,"Huyện Châu Thành, Tỉnh Kiên Giang"
150,T150,Trạm gần Km145,,,,Quốc lộ 80,Bến xe Rạch Giá - Nguyễn Bỉnh Khiêm - Quốc lộ 80 - Bến xe Tri Tôn,,,"Huyện Châu Thành, Tỉnh Kiên Giang"
151,T151,Trạm trước Honda Diệp Bình Km45+500,,,,Quốc lộ 80,Bến xe Rạch Giá - Nguyễn Bỉnh Khiêm - Quốc lộ 80 - Bến xe Tri Tôn,,,"Huyện Châu Thành, Tỉnh Kiên Giang"
152,T152,Nhà chờ gần Km145+800,,,,Quốc lộ 80,Bến xe Rạch Giá - Nguyễn Bỉnh Khiêm - Quốc lộ 80 - Bến xe Tri Tôn,,,"Huyện Châu Thành, Tỉnh Kiên Giang"
153,T153,Km146,,,,Quốc lộ 80,Bến xe Rạch Giá - Nguyễn Bỉnh Khiêm - Quốc lộ 80 - Bến xe Tri Tôn,,,"Huyện Châu Thành, Tỉnh Kiên Giang"
154,T154,Km146+500,,,,Quốc lộ 80,Bến xe Rạch Giá - Nguyễn Bỉnh Khiêm - Quốc lộ 80 - Bến xe Tri Tôn,,,"Huyện Châu Thành, Tỉnh Kiên Giang"
155,T155,Km146+800,,,,Quốc lộ 80,Bến xe Rạch Giá - Nguyễn Bỉnh Khiêm - Quốc lộ 80 - Bến xe Tri Tôn,,,"Huyện Châu Thành, Tỉnh Kiên Giang"
156,T156,Trạm trước Tiệm sắt Thuận Hòa Km 148+200,,,,Quốc lộ 80,Bến xe Tri Tôn - Quốc lộ 80 - Bến xe Kiên Lương,,,"Huyện Châu Thành, Tỉnh Kiên Giang"
157,T157,Trạm gần Km148+650,,,,Quốc lộ 80,Bến xe Tri Tôn - Quốc lộ 80 - Bến xe Kiên Lương,,,"Huyện Châu Thành, Tỉnh Kiên Giang"
158,T158,Km149+200,,,,Quốc lộ 80,Bến xe Tri Tôn - Quốc lộ 80 - Bến xe Kiên Lương,,,"Huyện Châu Thành, Tỉnh Kiên Giang"
159,T159,Km149+600,,,,Quốc lộ 80,Bến xe Tri Tôn - Quốc lộ 80 - Bến xe Kiên Lương,,,"Huyện Châu Thành, Tỉnh Kiên Giang"
160,T160,Km150+300,,,,Quốc lộ 80,Bến xe Tri Tôn - Quốc lộ 80 - Bến xe Kiên Lương,,,"Huyện Châu Thành, Tỉnh Kiên Giang"
161,T161,Km150+700,,,,Quốc lộ 80,Bến xe Tri Tôn - Quốc lộ 80 - Bến xe Kiên Lương,,,"Huyện Châu Thành, Tỉnh Kiên Giang"
162,T162,Km151+400,,,,Quốc lộ 80,Bến xe Tri Tôn - Quốc lộ 80 - Bến xe Kiên Lương,,,"Huyện Châu Thành, Tỉnh Kiên Giang"
163,T163,Km151+700,,,,Quốc lộ 80,Bến xe Tri Tôn - Quốc lộ 80 - Bến xe Kiên Lương,,,"Huyện Châu Thành, Tỉnh Kiên Giang"
164,T164,Km152,,,,Quốc lộ 80,Bến xe Tri Tôn - Quốc lộ 80 - Bến xe Kiên Lương,,,"Huyện Châu Thành, Tỉnh Kiên Giang"
165,T165,Km152+500,,,,Quốc lộ 80,Bến xe Tri Tôn - Quốc lộ 80 - Bến xe Kiên Lương,,,"Huyện Châu Thành, Tỉnh Kiên Giang"
166,T166,Km153,,,,Quốc lộ 80,Bến xe Tri Tôn - Quốc lộ 80 - Bến xe Kiên Lương,,,"Huyện Châu Thành, Tỉnh Kiên Giang"
167,T167,Km153+500,,,,Quốc lộ 80,Bến xe Tri Tôn - Quốc lộ 80 - Bến xe Kiên Lương,,,"Huyện Châu Thành, Tỉnh Kiên Giang"
168,T168,Km153+950,,,,Quốc lộ 80,Bến xe Tri Tôn - Quốc lộ 80 - Bến xe Kiên Lương,,,"Huyện Châu Thành, Tỉnh Kiên Giang"
169,T169,Km154+300,,,,Quốc lộ 80,Bến xe Tri Tôn - Quốc lộ 80 - Bến xe Kiên Lương,,,"Huyện Châu Thành, Tỉnh Kiên Giang"
170,T170,Km154+500,,,,Quốc lộ 80,Bến xe Tri Tôn - Quốc lộ 80 - Bến xe Kiên Lương,,,"Huyện Châu Thành, Tỉnh Kiên Giang"
171,T171,Km155,,,,Quốc lộ 80,Bến xe Tri Tôn - Quốc lộ 80 - Bến xe Kiên Lương,,,"Huyện Châu Thành, Tỉnh Kiên Giang"
172,T172,Km155+500,,,,Quốc lộ 80,Bến xe Tri Tôn - Quốc lộ 80 - Bến xe Kiên Lương,,,"Huyện Châu Thành, Tỉnh Kiên Giang"
173,T173,Trạm đối diện Tiểu học Bình Sơn 3,,,,Quốc lộ 80,Bến xe Tri Tôn - Quốc lộ 80 - Bến xe Kiên Lương,,,"Huyện Châu Thành, Tỉnh Kiên Giang"
174,T174,Km156+400,,,,Quốc lộ 80,Bến xe Tri Tôn - Quốc lộ 80 - Bến xe Kiên Lương,,,"Huyện Châu Thành, Tỉnh Kiên Giang"
175,T175,Trạm đối diện Km156+800,,,,Quốc lộ 80,Bến xe Tri Tôn - Quốc lộ 80 - Bến xe Kiên Lương,,,"Huyện Châu Thành, Tỉnh Kiên Giang"
176,T176,Km157+400,,,,Quốc lộ 80,Bến xe Tri Tôn - Quốc lộ 80 - Bến xe Kiên Lương,,,"Huyện Châu Thành, Tỉnh Kiên Giang"
177,T177,Trạm gần Km158,,,,Quốc lộ 80,Bến xe Tri Tôn - Quốc lộ 80 - Bến xe Kiên Lương,,,"Huyện Châu Thành, Tỉnh Kiên Giang"
178,T178,Trạm gần đối diện Km158+500,,,,Quốc lộ 80,Bến xe Tri Tôn - Quốc lộ 80 - Bến xe Kiên Lương,,,"Huyện Châu Thành, Tỉnh Kiên Giang"
179,T179,Trạm gần Km159,,,,Quốc lộ 80,Bến xe Tri Tôn - Quốc lộ 80 - Bến xe Kiên Lương,,,"Huyện Châu Thành, Tỉnh Kiên Giang"
180,T180,Trạm gần Km159+500,,,,Quốc lộ 80,Bến xe Tri Tôn - Quốc lộ 80 - Bến xe Kiên Lương,,,"Huyện Châu Thành, Tỉnh Kiên Giang"
181,T181,Trạm gần Km160,,,,Quốc lộ 80,Bến xe Tri Tôn - Quốc lộ 80 - Bến xe Kiên Lương,,,"Huyện Châu Thành, Tỉnh Kiên Giang"
182,T182,Trạm gần Km160+500,,,,Quốc lộ 80,Bến xe Tri Tôn - Quốc lộ 80 - Bến xe Kiên Lương,,,"Huyện Châu Thành, Tỉnh Kiên Giang"
183,T183,Trạm gần Km161,,,,Quốc lộ 80,Bến xe Tri Tôn - Quốc lộ 80 - Bến xe Kiên Lương,,,"Huyện Châu Thành, Tỉnh Kiên Giang"
184,T184,Trạm trước Cà phê Nga khu vực chợ Vàm Rẫy,,,,Quốc lộ 80,Bến xe Tri Tôn - Quốc lộ 80 - Bến xe Kiên Lương,,,"Huyện Châu Thành, Tỉnh Kiên Giang"
185,T185,Trạm trước VLXD Phước Chung,,,,Quốc lộ 80,Bến xe Tri Tôn - Quốc lộ 80 - Bến xe Kiên Lương,,,"Huyện Châu Thành, Tỉnh Kiên Giang"
186,T186,Km162+600,,,,Quốc lộ 80,Bến xe Tri Tôn - Quốc lộ 80 - Bến xe Kiên Lương,,,"Huyện Châu Thành, Tỉnh Kiên Giang"
187,T187,Km163,,,,Quốc lộ 80,Bến xe Tri Tôn - Quốc lộ 80 - Bến xe Kiên Lương,,,"Huyện Châu Thành, Tỉnh Kiên Giang"
188,T188,Km163+400,,,,Quốc lộ 80,Bến xe Tri Tôn - Quốc lộ 80 - Bến xe Kiên Lương,,,"Huyện Châu Thành, Tỉnh Kiên Giang"
189,T189,Km164,,,,Quốc lộ 80,Bến xe Tri Tôn - Quốc lộ 80 - Bến xe Kiên Lương,,,"Huyện Châu Thành, Tỉnh Kiên Giang"
190,T190,Trạm trước Cà phê Vườn Xoài đối diện Km165+500,,,,Quốc lộ 80,Bến xe Tri Tôn - Quốc lộ 80 - Bến xe Kiên Lương,,,"Huyện Châu Thành, Tỉnh Kiên Giang"
191,T191,Km165,,,,Quốc lộ 80,Bến xe Tri Tôn - Quốc lộ 80 - Bến xe Kiên Lương,,,"Huyện Châu Thành, Tỉnh Kiên Giang"
192,T192,Km165+500,,,,Quốc lộ 80,Bến xe Tri Tôn - Quốc lộ 80 - Bến xe Kiên Lương,,,"Huyện Châu Thành, Tỉnh Kiên Giang"
193,T193,Trạm trước Phân bón Đình Trí Km165+900,,,,Quốc lộ 80,Bến xe Tri Tôn - Quốc lộ 80 - Bến xe Kiên Lương,,,"Huyện Châu Thành, Tỉnh Kiên Giang"
194,T194,km166+700,,,,Quốc lộ 80,Bến xe Tri Tôn - Quốc lộ 80 - Bến xe Kiên Lương,,,"Huyện Châu Thành, Tỉnh Kiên Giang"
195,T195,Gần Km167,,,,Quốc lộ 80,Bến xe Tri Tôn - Quốc lộ 80 - Bến xe Kiên Lương,,,"Huyện Châu Thành, Tỉnh Kiên Giang"
196,T196,Trạm trước Cà phê Ba Khai gần Km167+600,,,,Quốc lộ 80,Bến xe Tri Tôn - Quốc lộ 80 - Bến xe Kiên Lương,,,"Huyện Châu Thành, Tỉnh Kiên Giang"
197,T197,Km168,,,,Quốc lộ 80,Bến xe Tri Tôn - Quốc lộ 80 - Bến xe Kiên Lương,,,"Huyện Châu Thành, Tỉnh Kiên Giang"
198,T198,Đối diện Km168+500,,,,Quốc lộ 80,Bến xe Tri Tôn - Quốc lộ 80 - Bến xe Kiên Lương,,,"Huyện Châu Thành, Tỉnh Kiên Giang"
199,T199,Km169,,,,Quốc lộ 80,Bến xe Tri Tôn - Quốc lộ 80 - Bến xe Kiên Lương,,,"Huyện Châu Thành, Tỉnh Kiên Giang"
201,T201,Trạm đối diện Tiểu học Bình Giang 2,,,,Quốc lộ 80,Bến xe Tri Tôn - Quốc lộ 80 - Bến xe Kiên Lương,,,"Huyện Châu Thành, Tỉnh Kiên Giang"
202,T202,Trạm gần Km171,,,,Quốc lộ 80,Bến xe Tri Tôn - Quốc lộ 80 - Bến xe Kiên Lương,,,"Huyện Châu Thành, Tỉnh Kiên Giang"
203,T203,Km171+800,,,,Quốc lộ 80,Bến xe Tri Tôn - Quốc lộ 80 - Bến xe Kiên Lương,,,"Huyện Châu Thành, Tỉnh Kiên Giang"
204,T204,Km172+200,,,,Quốc lộ 80,Bến xe Tri Tôn - Quốc lộ 80 - Bến xe Kiên Lương,,,"Huyện Châu Thành, Tỉnh Kiên Giang"
205,T205,Km172+500,,,,Quốc lộ 80,Bến xe Tri Tôn - Quốc lộ 80 - Bến xe Kiên Lương,,,"Huyện Châu Thành, Tỉnh Kiên Giang"
206,T206,Km172+750,,,,Quốc lộ 80,Bến xe Tri Tôn - Quốc lộ 80 - Bến xe Kiên Lương,,,"Huyện Châu Thành, Tỉnh Kiên Giang"
207,T207,Trạm trước VLXD Hai Thế,,,,Quốc lộ 80,Bến xe Tri Tôn - Quốc lộ 80 - Bến xe Kiên Lương,,,"Huyện Châu Thành, Tỉnh Kiên Giang"
208,T208,Trạm trước Phèn Polomite Tân Hoàng,,,,Quốc lộ 80,Bến xe Tri Tôn - Quốc lộ 80 - Bến xe Kiên Lương,,,"Huyện Châu Thành, Tỉnh Kiên Giang"
209,T209,Km173+750,,,,Quốc lộ 80,Bến xe Tri Tôn - Quốc lộ 80 - Bến xe Kiên Lương,,,"Huyện Châu Thành, Tỉnh Kiên Giang"
210,T210,Km174+250,,,,Quốc lộ 80,Bến xe Tri Tôn - Quốc lộ 80 - Bến xe Kiên Lương,,,"Huyện Châu Thành, Tỉnh Kiên Giang"
211,T211,Trạm trước Tạp hóa Ngọc Hân Km174+650,,,,Quốc lộ 80,Bến xe Tri Tôn - Quốc lộ 80 - Bến xe Kiên Lương,,,"Huyện Châu Thành, Tỉnh Kiên Giang"
212,T212,Km175,,,,Quốc lộ 80,Bến xe Tri Tôn - Quốc lộ 80 - Bến xe Kiên Lương,,,"Huyện Châu Thành, Tỉnh Kiên Giang"
213,T213,Km175+450,,,,Quốc lộ 80,Bến xe Tri Tôn - Quốc lộ 80 - Bến xe Kiên Lương,,,"Huyện Châu Thành, Tỉnh Kiên Giang"
214,T214,Trạm trước Cà phê Anh Ngọc Km 175+700,,,,Quốc lộ 80,Bến xe Tri Tôn - Quốc lộ 80 - Bến xe Kiên Lương,,,"Huyện Châu Thành, Tỉnh Kiên Giang"
215,T215,Trạm gần đối diện Trường Tiểu học Kiên Bình 1,,,,Quốc lộ 80,Bến xe Tri Tôn - Quốc lộ 80 - Bến xe Kiên Lương,,,"Huyện Châu Thành, Tỉnh Kiên Giang"
216,T216,Km176+800,,,,Quốc lộ 80,Bến xe Tri Tôn - Quốc lộ 80 - Bến xe Kiên Lương,,,"Huyện Châu Thành, Tỉnh Kiên Giang"
217,T217,Đối diện Km177+400,,,,Quốc lộ 80,Bến xe Tri Tôn - Quốc lộ 80 - Bến xe Kiên Lương,,,"Huyện Châu Thành, Tỉnh Kiên Giang"
218,T218,Trạm đối diện Trường Tiểu học Kiên Bình 1,,,,Quốc lộ 80,Bến xe Tri Tôn - Quốc lộ 80 - Bến xe Kiên Lương,,,"Huyện Châu Thành, Tỉnh Kiên Giang"
219,T219,Trạm gần Km178,,,,Quốc lộ 80,Bến xe Tri Tôn - Quốc lộ 80 - Bến xe Kiên Lương,,,"Huyện Châu Thành, Tỉnh Kiên Giang"
220,T220,Trạm gần Km179,,,,Quốc lộ 80,Bến xe Tri Tôn - Quốc lộ 80 - Bến xe Kiên Lương,,,"Huyện Châu Thành, Tỉnh Kiên Giang"
221,T221,Km179+400,,,,Quốc lộ 80,Bến xe Tri Tôn - Quốc lộ 80 - Bến xe Kiên Lương,,,"Huyện Châu Thành, Tỉnh Kiên Giang"
222,T222,Trạm gần Km179+800,,,,Quốc lộ 80,Bến xe Tri Tôn - Quốc lộ 80 - Bến xe Kiên Lương,,,"Huyện Châu Thành, Tỉnh Kiên Giang"
223,T223,Trạm đối diện Trạm QL Đường sông Kiên Lương,,,,Quốc lộ 80,Bến xe Tri Tôn - Quốc lộ 80 - Bến xe Kiên Lương,,,"Huyện Châu Thành, Tỉnh Kiên Giang"
224,T224,Trạm gần Km181,,,,Quốc lộ 80,Bến xe Tri Tôn - Quốc lộ 80 - Bến xe Kiên Lương,,,"Huyện Châu Thành, Tỉnh Kiên Giang"
225,T225,Km181+100,,,,Quốc lộ 80,Bến xe Tri Tôn - Quốc lộ 80 - Bến xe Kiên Lương,,,"Huyện Châu Thành, Tỉnh Kiên Giang"
226,T226,Trạm đối diện UBND TT Kiên Lương,,,,Quốc lộ 80,Bến xe Tri Tôn - Quốc lộ 80 - Bến xe Kiên Lương,,,"Huyện Châu Thành, Tỉnh Kiên Giang"
227,T227,Trạm gần Km136+400,,,,Quốc lộ 80,Bến xe Tri Tôn - Bến xe Rạch Giá - Nguyễn Bỉnh Khiêm - Quốc lộ 80,,,"Huyện Châu Thành, Tỉnh Kiên Giang"
228,T228,Trạm gần Km136+676 cầu Tà Lúa,,,,Quốc lộ 80,Bến xe Tri Tôn - Bến xe Rạch Giá - Nguyễn Bỉnh Khiêm - Quốc lộ 80,,,"Huyện Châu Thành, Tỉnh Kiên Giang"
229,T229,Trạm đối diện Km136+900,,,,Quốc lộ 80,Bến xe Tri Tôn - Bến xe Rạch Giá - Nguyễn Bỉnh Khiêm - Quốc lộ 80,,,"Huyện Châu Thành, Tỉnh Kiên Giang"
230,T230,Trạm gần Km137+500,,,,Quốc lộ 80,Bến xe Tri Tôn - Bến xe Rạch Giá - Nguyễn Bỉnh Khiêm - Quốc lộ 80,,,"Huyện Châu Thành, Tỉnh Kiên Giang"
231,T231,Nhà chờ trước Trường TH Sơn Kiên,,,,Quốc lộ 80,Bến xe Tri Tôn - Bến xe Rạch Giá - Nguyễn Bỉnh Khiêm - Quốc lộ 80,,,"Huyện Châu Thành, Tỉnh Kiên Giang"
232,T232,Trạm đối diện Km138+700,,,,Quốc lộ 80,Bến xe Tri Tôn - Bến xe Rạch Giá - Nguyễn Bỉnh Khiêm - Quốc lộ 80,,,"Huyện Châu Thành, Tỉnh Kiên Giang"
233,T233,Nhà chờ trước Trung tâm đào tạo sát hạch lái xe gần đối diện Km139,,,,Quốc lộ 80,Bến xe Tri Tôn - Bến xe Rạch Giá - Nguyễn Bỉnh Khiêm - Quốc lộ 80,,,"Huyện Châu Thành, Tỉnh Kiên Giang"
234,T234,Trạm đối diện Km139+400,,,,Quốc lộ 80,Bến xe Tri Tôn - Bến xe Rạch Giá - Nguyễn Bỉnh Khiêm - Quốc lộ 80,,,"Huyện Châu Thành, Tỉnh Kiên Giang"
235,T235,Trạm trước Tiểu học Sơn Kiên 1,,,,Quốc lộ 80,Bến xe Tri Tôn - Bến xe Rạch Giá - Nguyễn Bỉnh Khiêm - Quốc lộ 80,,,"Huyện Châu Thành, Tỉnh Kiên Giang"
236,T236,Đối diện gần Km140+350,,,,Quốc lộ 80,Bến xe Tri Tôn - Bến xe Rạch Giá - Nguyễn Bỉnh Khiêm - Quốc lộ 80,,,"Huyện Châu Thành, Tỉnh Kiên Giang"
237,T237,Đối diện gần Km141,,,,Quốc lộ 80,Bến xe Tri Tôn - Bến xe Rạch Giá - Nguyễn Bỉnh Khiêm - Quốc lộ 80,,,"Huyện Châu Thành, Tỉnh Kiên Giang"
238,T238,Nhà chờ đối diện Km141+500,,,,Quốc lộ 80,Bến xe Tri Tôn - Bến xe Rạch Giá - Nguyễn Bỉnh Khiêm - Quốc lộ 80,,,"Huyện Châu Thành, Tỉnh Kiên Giang"
239,T239,Trạm đối diện gần Km142,,,,Quốc lộ 80,Bến xe Tri Tôn - Bến xe Rạch Giá - Nguyễn Bỉnh Khiêm - Quốc lộ 80,,,"Huyện Châu Thành, Tỉnh Kiên Giang"
240,T240,Trạm đối diện gần Km142+500,,,,Quốc lộ 80,Bến xe Tri Tôn - Bến xe Rạch Giá - Nguyễn Bỉnh Khiêm - Quốc lộ 80,,,"Huyện Châu Thành, Tỉnh Kiên Giang"
241,T241,Trạm đối diện gần Km143,,,,Quốc lộ 80,Bến xe Tri Tôn - Bến xe Rạch Giá - Nguyễn Bỉnh Khiêm - Quốc lộ 80,,,"Huyện Châu Thành, Tỉnh Kiên Giang"
242,T242,Trạm gần Km143+500,,,,Quốc lộ 80,Bến xe Tri Tôn - Bến xe Rạch Giá - Nguyễn Bỉnh Khiêm - Quốc lộ 80,,,"Huyện Châu Thành, Tỉnh Kiên Giang"
243,T243,Trạm gần Km143+943 Cầu Kênh 9,,,,Quốc lộ 80,Bến xe Tri Tôn - Bến xe Rạch Giá - Nguyễn Bỉnh Khiêm - Quốc lộ 80,,,"Huyện Châu Thành, Tỉnh Kiên Giang"
244,T244,Trạm gần Km144+200,,,,Quốc lộ 80,Bến xe Tri Tôn - Bến xe Rạch Giá - Nguyễn Bỉnh Khiêm - Quốc lộ 80,,,"Huyện Châu Thành, Tỉnh Kiên Giang"
245,T245,Trạm trước Nghĩa trang Hòn Đất,,,,Quốc lộ 80,Bến xe Tri Tôn - Bến xe Rạch Giá - Nguyễn Bỉnh Khiêm - Quốc lộ 80,,,"Huyện Châu Thành, Tỉnh Kiên Giang"
246,T246,Trạm đối diện Km145,,,,Quốc lộ 80,Bến xe Tri Tôn - Bến xe Rạch Giá - Nguyễn Bỉnh Khiêm - Quốc lộ 80,,,"Huyện Châu Thành, Tỉnh Kiên Giang"
247,T247,Trạm đối diện Km145+500,,,,Quốc lộ 80,Bến xe Tri Tôn - Bến xe Rạch Giá - Nguyễn Bỉnh Khiêm - Quốc lộ 80,,,"Huyện Châu Thành, Tỉnh Kiên Giang"
248,T248,Nhà chờ trước Trung tâm y tế huyện Hòn Đất,,,,Quốc lộ 80,Bến xe Tri Tôn - Bến xe Rạch Giá - Nguyễn Bỉnh Khiêm - Quốc lộ 80,,,"Huyện Châu Thành, Tỉnh Kiên Giang"
249,T249,Trạm đối diện gần Km146 Tiệm cơm Minh Nhật,,,,Quốc lộ 80,Bến xe Tri Tôn - Bến xe Rạch Giá - Nguyễn Bỉnh Khiêm - Quốc lộ 80,,,"Huyện Châu Thành, Tỉnh Kiên Giang"
250,T250,Trạm trước Ngân hàng Sông Kiên,,,,Quốc lộ 80,Bến xe Tri Tôn - Bến xe Rạch Giá - Nguyễn Bỉnh Khiêm - Quốc lộ 80,,,"Huyện Châu Thành, Tỉnh Kiên Giang"
251,T251,Trạm trước Tòa án huyện Hòn Đất,,,,Quốc lộ 80,Bến xe Tri Tôn - Bến xe Rạch Giá - Nguyễn Bỉnh Khiêm - Quốc lộ 80,,,"Huyện Châu Thành, Tỉnh Kiên Giang"
252,T252,Bến xe Hòn Đất,,,,Quốc lộ 80,Bến xe Tri Tôn - Bến xe Rạch Giá - Nguyễn Bỉnh Khiêm - Quốc lộ 80,,,"Huyện Châu Thành, Tỉnh Kiên Giang"
253,T253,Trạm trước Nông ngư Cơ Thanh Trung,,,,Quốc lộ 80,Bến xe Kiên Lương - Quốc lộ 80 - Bến xe Tri Tôn,,,"Huyện Châu Thành, Tỉnh Kiên Giang"
254,T254,Trạm đối diện gần Km148+650,,,,Quốc lộ 80,Bến xe Kiên Lương - Quốc lộ 80 - Bến xe Tri Tôn,,,"Huyện Châu Thành, Tỉnh Kiên Giang"
255,T255,Đối diện Km149+200,,,,Quốc lộ 80,Bến xe Kiên Lương - Quốc lộ 80 - Bến xe Tri Tôn,,,"Huyện Châu Thành, Tỉnh Kiên Giang"
256,T256,Trạm trước Nhà máy phân bón Thiên Giang,,,,Quốc lộ 80,Bến xe Kiên Lương - Quốc lộ 80 - Bến xe Tri Tôn,,,"Huyện Châu Thành, Tỉnh Kiên Giang"
257,T257,Đối diện Km140+300,,,,Quốc lộ 80,Bến xe Kiên Lương - Quốc lộ 80 - Bến xe Tri Tôn,,,"Huyện Châu Thành, Tỉnh Kiên Giang"
258,T258,Đối diện Km140+700,,,,Quốc lộ 80,Bến xe Kiên Lương - Quốc lộ 80 - Bến xe Tri Tôn,,,"Huyện Châu Thành, Tỉnh Kiên Giang"
259,T259,Trạm gần đối diện Km151+400,,,,Quốc lộ 80,Bến xe Kiên Lương - Quốc lộ 80 - Bến xe Tri Tôn,,,"Huyện Châu Thành, Tỉnh Kiên Giang"
260,T260,Trạm gần đối diện Km151+700,,,,Quốc lộ 80,Bến xe Kiên Lương - Quốc lộ 80 - Bến xe Tri Tôn,,,"Huyện Châu Thành, Tỉnh Kiên Giang"
261,T261,Đối diện Km152,,,,Quốc lộ 80,Bến xe Kiên Lương - Quốc lộ 80 - Bến xe Tri Tôn,,,"Huyện Châu Thành, Tỉnh Kiên Giang"
262,T262,Trạm gần đối diện Km152+500,,,,Quốc lộ 80,Bến xe Kiên Lương - Quốc lộ 80 - Bến xe Tri Tôn,,,"Huyện Châu Thành, Tỉnh Kiên Giang"
263,T263,Trạm gần đối diện Km152+300,,,,Quốc lộ 80,Bến xe Kiên Lương - Quốc lộ 80 - Bến xe Tri Tôn,,,"Huyện Châu Thành, Tỉnh Kiên Giang"
264,T264,Trạm gần đối diện Km153+500,,,,Quốc lộ 80,Bến xe Kiên Lương - Quốc lộ 80 - Bến xe Tri Tôn,,,"Huyện Châu Thành, Tỉnh Kiên Giang"
265,T265,Trạm gần đối diện Km154,,,,Quốc lộ 80,Bến xe Kiên Lương - Quốc lộ 80 - Bến xe Tri Tôn,,,"Huyện Châu Thành, Tỉnh Kiên Giang"
266,T266,Trạm gần đối diện Km154+300,,,,Quốc lộ 80,Bến xe Kiên Lương - Quốc lộ 80 - Bến xe Tri Tôn,,,"Huyện Châu Thành, Tỉnh Kiên Giang"
267,T267,Trạm gần đối diện Km154+500,,,,Quốc lộ 80,Bến xe Kiên Lương - Quốc lộ 80 - Bến xe Tri Tôn,,,"Huyện Châu Thành, Tỉnh Kiên Giang"
268,T268,Trạm gần đối diện Km155,,,,Quốc lộ 80,Bến xe Kiên Lương - Quốc lộ 80 - Bến xe Tri Tôn,,,"Huyện Châu Thành, Tỉnh Kiên Giang"
269,T269,Trạm gần đối diện Km155+500,,,,Quốc lộ 80,Bến xe Kiên Lương - Quốc lộ 80 - Bến xe Tri Tôn,,,"Huyện Châu Thành, Tỉnh Kiên Giang"
270,T270,Trạm trước Tiểu học Bình Sơn 3,,,,Quốc lộ 80,Bến xe Kiên Lương - Quốc lộ 80 - Bến xe Tri Tôn,,,"Huyện Châu Thành, Tỉnh Kiên Giang"
271,T271,Trạm trước Trường Mẫu giáo Bình Sơn,,,,Quốc lộ 80,Bến xe Kiên Lương - Quốc lộ 80 - Bến xe Tri Tôn,,,"Huyện Châu Thành, Tỉnh Kiên Giang"
272,T272,Km156+800,,,,Quốc lộ 80,Bến xe Kiên Lương - Quốc lộ 80 - Bến xe Tri Tôn,,,"Huyện Châu Thành, Tỉnh Kiên Giang"
273,T273,Trạm gần đối diện Km157+400,,,,Quốc lộ 80,Bến xe Kiên Lương - Quốc lộ 80 - Bến xe Tri Tôn,,,"Huyện Châu Thành, Tỉnh Kiên Giang"
274,T274,Trạm đối diện Km158,,,,Quốc lộ 80,Bến xe Kiên Lương - Quốc lộ 80 - Bến xe Tri Tôn,,,"Huyện Châu Thành, Tỉnh Kiên Giang"
275,T275,Km158+500,,,,Quốc lộ 80,Bến xe Kiên Lương - Quốc lộ 80 - Bến xe Tri Tôn,,,"Huyện Châu Thành, Tỉnh Kiên Giang"
276,T276,Trạm đối diện Km159,,,,Quốc lộ 80,Bến xe Kiên Lương - Quốc lộ 80 - Bến xe Tri Tôn,,,"Huyện Châu Thành, Tỉnh Kiên Giang"
277,T277,Trạm đối diện Km159+500,,,,Quốc lộ 80,Bến xe Kiên Lương - Quốc lộ 80 - Bến xe Tri Tôn,,,"Huyện Châu Thành, Tỉnh Kiên Giang"
278,T278,Trạm đối diện Km160,,,,Quốc lộ 80,Bến xe Kiên Lương - Quốc lộ 80 - Bến xe Tri Tôn,,,"Huyện Châu Thành, Tỉnh Kiên Giang"
279,T279,Trạm đối diện Km160+500,,,,Quốc lộ 80,Bến xe Kiên Lương - Quốc lộ 80 - Bến xe Tri Tôn,,,"Huyện Châu Thành, Tỉnh Kiên Giang"
280,T280,Trạm đối diện Km161,,,,Quốc lộ 80,Bến xe Kiên Lương - Quốc lộ 80 - Bến xe Tri Tôn,,,"Huyện Châu Thành, Tỉnh Kiên Giang"
281,T281,Trạm trước Tiệm cơm Nhật Trường khu vực chợ Vàm Rẫy,,,,Quốc lộ 80,Bến xe Kiên Lương - Quốc lộ 80 - Bến xe Tri Tôn,,,"Huyện Châu Thành, Tỉnh Kiên Giang"
282,T282,Nhà chờ trước Tiểu học Bình Sơn 1,,,,Quốc lộ 80,Bến xe Kiên Lương - Quốc lộ 80 - Bến xe Tri Tôn,,,"Huyện Châu Thành, Tỉnh Kiên Giang"
283,T283,Trạm sau đường lên cầu Tám Ngàn,,,,Quốc lộ 80,Bến xe Kiên Lương - Quốc lộ 80 - Bến xe Tri Tôn,,,"Huyện Châu Thành, Tỉnh Kiên Giang"
284,T284,Trạm gần đối diện Km163,,,,Quốc lộ 80,Bến xe Kiên Lương - Quốc lộ 80 - Bến xe Tri Tôn,,,"Huyện Châu Thành, Tỉnh Kiên Giang"
285,T285,Trạm gần đối diện Km163+400,,,,Quốc lộ 80,Bến xe Kiên Lương - Quốc lộ 80 - Bến xe Tri Tôn,,,"Huyện Châu Thành, Tỉnh Kiên Giang"
286,T286,Trạm gần đối diện Km164,,,,Quốc lộ 80,Bến xe Kiên Lương - Quốc lộ 80 - Bến xe Tri Tôn,,,"Huyện Châu Thành, Tỉnh Kiên Giang"
287,T287,Km164+500,,,,Quốc lộ 80,Bến xe Kiên Lương - Quốc lộ 80 - Bến xe Tri Tôn,,,"Huyện Châu Thành, Tỉnh Kiên Giang"
288,T288,Trạm gần đối diện Km165,,,,Quốc lộ 80,Bến xe Kiên Lương - Quốc lộ 80 - Bến xe Tri Tôn,,,"Huyện Châu Thành, Tỉnh Kiên Giang"
289,T289,Trạm gần đối diện Km165+500,,,,Quốc lộ 80,Bến xe Kiên Lương - Quốc lộ 80 - Bến xe Tri Tôn,,,"Huyện Châu Thành, Tỉnh Kiên Giang"
290,T290,Km165+900,,,,Quốc lộ 80,Bến xe Kiên Lương - Quốc lộ 80 - Bến xe Tri Tôn,,,"Huyện Châu Thành, Tỉnh Kiên Giang"
291,T291,Nhà chờ trước UBND xã Bình Giang,,,,Quốc lộ 80,Bến xe Kiên Lương - Quốc lộ 80 - Bến xe Tri Tôn,,,"Huyện Châu Thành, Tỉnh Kiên Giang"
292,T292,Nhà chờ trước Tiểu học Bình Giang 2,,,,Quốc lộ 80,Bến xe Kiên Lương - Quốc lộ 80 - Bến xe Tri Tôn,,,"Huyện Châu Thành, Tỉnh Kiên Giang"
293,T293,Trạm trước Cà phê Quê Hương đối diện Km167+600,,,,Quốc lộ 80,Bến xe Kiên Lương - Quốc lộ 80 - Bến xe Tri Tôn,,,"Huyện Châu Thành, Tỉnh Kiên Giang"
295,T295,Trạm trước Cà phê Trung Nguyên Km168+500,,,,Quốc lộ 80,Bến xe Kiên Lương - Quốc lộ 80 - Bến xe Tri Tôn,,,"Huyện Châu Thành, Tỉnh Kiên Giang"
296,T296,Gần đối diện Km169,,,,Quốc lộ 80,Bến xe Kiên Lương - Quốc lộ 80 - Bến xe Tri Tôn,,,"Huyện Châu Thành, Tỉnh Kiên Giang"
297,T297,Gần đối diện Km170+500,,,,Quốc lộ 80,Bến xe Kiên Lương - Quốc lộ 80 - Bến xe Tri Tôn,,,"Huyện Châu Thành, Tỉnh Kiên Giang"
298,T298,Trạm trước Tiểu học Bình Giang 2 Điểm Ranh Hat,,,,Quốc lộ 80,Bến xe Kiên Lương - Quốc lộ 80 - Bến xe Tri Tôn,,,"Huyện Châu Thành, Tỉnh Kiên Giang"
299,T299,Gần đối diện Km171,,,,Quốc lộ 80,Bến xe Kiên Lương - Quốc lộ 80 - Bến xe Tri Tôn,,,"Huyện Châu Thành, Tỉnh Kiên Giang"
300,T300,Trạm trước cây xăng Hiệp Hưng,,,,Quốc lộ 80,Bến xe Kiên Lương - Quốc lộ 80 - Bến xe Tri Tôn,,,"Huyện Châu Thành, Tỉnh Kiên Giang"
301,T301,Gần đối diện Km172+200,,,,Quốc lộ 80,Bến xe Kiên Lương - Quốc lộ 80 - Bến xe Tri Tôn,,,"Huyện Châu Thành, Tỉnh Kiên Giang"
302,T302,Trạm trước Cà phê Hải đối diện Km172+500,,,,Quốc lộ 80,Bến xe Kiên Lương - Quốc lộ 80 - Bến xe Tri Tôn,,,"Huyện Châu Thành, Tỉnh Kiên Giang"
303,T303,Trạm trước Tiểu học Kiên Bình 1,,,,Quốc lộ 80,Bến xe Kiên Lương - Quốc lộ 80 - Bến xe Tri Tôn,,,"Huyện Châu Thành, Tỉnh Kiên Giang"
304,T304,Trạm trước Lò vôi Hai Thế,,,,Quốc lộ 80,Bến xe Kiên Lương - Quốc lộ 80 - Bến xe Tri Tôn,,,"Huyện Châu Thành, Tỉnh Kiên Giang"
305,T305,Đối diện Km173+400,,,,Quốc lộ 80,Bến xe Kiên Lương - Quốc lộ 80 - Bến xe Tri Tôn,,,"Huyện Châu Thành, Tỉnh Kiên Giang"
306,T306,Gần đối diện Km173+750,,,,Quốc lộ 80,Bến xe Kiên Lương - Quốc lộ 80 - Bến xe Tri Tôn,,,"Huyện Châu Thành, Tỉnh Kiên Giang"
307,T307,Gần đối diện Km174+250,,,,Quốc lộ 80,Bến xe Kiên Lương - Quốc lộ 80 - Bến xe Tri Tôn,,,"Huyện Châu Thành, Tỉnh Kiên Giang"
308,T308,Trạm trước cây xăng Hiệp Giang,,,,Quốc lộ 80,Bến xe Kiên Lương - Quốc lộ 80 - Bến xe Tri Tôn,,,"Huyện Châu Thành, Tỉnh Kiên Giang"
309,T309,Trạm trước UBND xã Kiên Bình,,,,Quốc lộ 80,Bến xe Kiên Lương - Quốc lộ 80 - Bến xe Tri Tôn,,,"Huyện Châu Thành, Tỉnh Kiên Giang"
310,T310,Trạm trước Tiệm cơm Thanh Thủy đối diện km175+450,,,,Quốc lộ 80,Bến xe Kiên Lương - Quốc lộ 80 - Bến xe Tri Tôn,,,"Huyện Châu Thành, Tỉnh Kiên Giang"
311,T311,Trạm gần đối diện Km176,,,,Quốc lộ 80,Bến xe Kiên Lương - Quốc lộ 80 - Bến xe Tri Tôn,,,"Huyện Châu Thành, Tỉnh Kiên Giang"
312,T312,Trạm trước Trường Tiểu học Kiên Bình 1,,,,Quốc lộ 80,Bến xe Kiên Lương - Quốc lộ 80 - Bến xe Tri Tôn,,,"Huyện Châu Thành, Tỉnh Kiên Giang"
313,T313,Đối diện Km176+800,,,,Quốc lộ 80,Bến xe Kiên Lương - Quốc lộ 80 - Bến xe Tri Tôn,,,"Huyện Châu Thành, Tỉnh Kiên Giang"
314,T314,Km177+400,,,,Quốc lộ 80,Bến xe Kiên Lương - Quốc lộ 80 - Bến xe Tri Tôn,,,"Huyện Châu Thành, Tỉnh Kiên Giang"
315,T315,Nhà chờ trước Trường Tiểu học Kiên Bình 1,,,,Quốc lộ 80,Bến xe Kiên Lương - Quốc lộ 80 - Bến xe Tri Tôn,,,"Huyện Châu Thành, Tỉnh Kiên Giang"
316,T316,Đối diện Km178,,,,Quốc lộ 80,Bến xe Kiên Lương - Quốc lộ 80 - Bến xe Tri Tôn,,,"Huyện Châu Thành, Tỉnh Kiên Giang"
317,T317,Trạm đối diện Km178+600,,,,Quốc lộ 80,Bến xe Kiên Lương - Quốc lộ 80 - Bến xe Tri Tôn,,,"Huyện Châu Thành, Tỉnh Kiên Giang"
318,T318,Trạm đối diện Km179+400,,,,Quốc lộ 80,Bến xe Kiên Lương - Quốc lộ 80 - Bến xe Tri Tôn,,,"Huyện Châu Thành, Tỉnh Kiên Giang"
319,T319,Trạm đối diện Km179+800,,,,Quốc lộ 80,Bến xe Kiên Lương - Quốc lộ 80 - Bến xe Tri Tôn,,,"Huyện Châu Thành, Tỉnh Kiên Giang"
320,T320,Trạm trước Trạm QL Đường sông Kiên Lương,,,,Quốc lộ 80,Bến xe Kiên Lương - Quốc lộ 80 - Bến xe Tri Tôn,,,"Huyện Châu Thành, Tỉnh Kiên Giang"
321,T321,Trạm gần Bưu điện Kiên Lương,,,,Quốc lộ 80,Bến xe Kiên Lương - Quốc lộ 80 - Bến xe Tri Tôn,,,"Huyện Châu Thành, Tỉnh Kiên Giang"
322,T322,Trước Xăng dầu số 2,,,,Quốc lộ 80,Bến xe Kiên Lương - Quốc lộ 80 - Bến xe Tri Tôn,,,"Huyện Châu Thành, Tỉnh Kiên Giang"
323,T323,Trạm trước UBND TT Kiên Lương,,,,Quốc lộ 80,Bến xe Kiên Lương - Quốc lộ 80 - Bến xe Tri Tôn,,,"Huyện Châu Thành, Tỉnh Kiên Giang"
44,T44,Km122,,,,Quốc lộ 80,Bến xe Rạch Giá - Nguyễn Bỉnh Khiêm - Quốc lộ 80 - Bến xe Tri Tôn,,,"Thành phố Rạch Giá, Tỉnh Kiên Giang"
12,T12,Điểm dừng đón - trả khách - Điểm 01,Số nhà 49 đường 30/4,911,,30/4,Dương Đông - Suối Tranh - Dương Tơ,,,"Thành phố Rạch Giá, Tỉnh Kiên Giang"
4,T4,Trạm xe buýt,"X4F5+F42, P. An Hoà, Rạch Giá, tỉnh Kiên Giang, Việt Nam",899,30748,,,105.1073404,9.974218578,"Thành phố Rạch Giá, Tỉnh Kiên Giang"
11,T11,Trạm xe Buýt,"Nguyễn Trung Trực, P. An Hoà, Tp. Rạch Giá, tỉnh Kiên Giang, Việt Nam",899,30748,Nguyễn Trung Trực,,105.1078023,9.974107078,"Thành phố Rạch Giá, Tỉnh Kiên Giang"
10,T10,Trạm xe Buýt,"Mạc Cửu, Vĩnh Thanh, Rạch Giá, tỉnh Kiên Giang, Việt Nam",899,30733,Mạc Cửu,,105.0858536,10.0155418,"Thành phố Rạch Giá, Tỉnh Kiên Giang"
9,T9,Trạm xe buýt,"Mạc Cửu, Vĩnh Thông, Tp. Rạch Giá, tỉnh Kiên Giang, Việt Nam",899,30760,Mạc Cửu,,105.0849122,10.03499189,"Thành phố Rạch Giá, Tỉnh Kiên Giang"
8,T8,Bến xe Rạch Sỏi,"168 Mai Thị Hồng Hạnh, Vĩnh Hoà Hiệp, Châu Thành, tỉnh Kiên Giang, Việt Nam",905,30892,Mai Thị Hồng Hạnh,,105.1287081,9.945203679,"Thành phố Rạch Giá, Tỉnh Kiên Giang"
7,T7,Trạm xe buýt,"QL80, Mỹ Lâm, Hòn Đất",903,30844,QL80,,105.0733654,10.04986664,"Thành phố Rạch Giá, Tỉnh Kiên Giang"
6,T6,Trạm xe buýt,"Mai Thị Hồng Hạnh, Vĩnh Hòa Hiệp, Châu Thành",905,30892,Mai Thị Hồng Hạnh,,105.1374085,9.932685722,"Thành phố Rạch Giá, Tỉnh Kiên Giang"
2,T2,Trạm xe buýt Rạch Giá - Giồng Riềng,"Mai Thị Hồng Hạnh, Vĩnh Hoà Hiệp, Châu Thành",905,30892,Mai Thị Hồng Hạnh,,105.1350027,9.935042808,"Thành phố Rạch Giá, Tỉnh Kiên Giang"
294,T294,Gần đối diện Km168,,,,Quốc lộ 80,Bến xe Kiên Lương - Quốc lộ 80 - Bến xe Tri Tôn,,,"Thành phố Rạch Giá, Tỉnh Kiên Giang"
5,T5,Trạm xe buýt,"QL80, Mỹ Lâm, Hòn Đất",903,30844,QL80,,105.0631944,10.06303734,"Thành phố Rạch Giá, Tỉnh Kiên Giang"
17,T17,Điểm dừng đón - trả khách - Điểm 06,"Gần Bưu điện An Thới, cột điện 475PQ/335/60 đường tỉnh 973",911,,Đường tỉnh 973,Dương Đông - Suối Tranh - Dương Tơ,,,"Thành phố Rạch Giá, Tỉnh Kiên Giang"
16,T16,Điểm dừng đón - trả khách - Điểm 05,"Gần ngã ba đường vào Bãi Sao, cột điện 475PQ/278/55 đường tỉnh 973",911,,Đường tỉnh 973,Dương Đông - Suối Tranh - Dương Tơ,,,"Thành phố Rạch Giá, Tỉnh Kiên Giang"
15,T15,Điểm dừng đón - trả khách - Điểm 04,"Gần ngã ba đường tỉnh 973 vào chùa Hộ Quốc, cột điện DVH/2/5 đường tỉnh 973",911,,Đường tỉnh 973,Dương Đông - Suối Tranh - Dương Tơ,,,"Thành phố Rạch Giá, Tỉnh Kiên Giang"
14,T14,Điểm dừng đón - trả khách - Điểm 03,"Ngọc trai LongBeach, cột điện 474PQ/195 đường Trần Hưng Đạo (ngang cội nguồn)",911,,Trần Hưng Đạo,Dương Đông - Suối Tranh - Dương Tơ,,,"Thành phố Rạch Giá, Tỉnh Kiên Giang"
13,T13,Điểm dừng đón - trả khách - Điểm 02,"Khách sạn Thiên Hải Sơn, cột điện 474PQ/145 đường Trần Hưng Đạo",911,,Trần Hưng Đạo,Dương Đông - Suối Tranh - Dương Tơ,,,"Thành phố Rạch Giá, Tỉnh Kiên Giang"
23,T23,Điểm dừng đón - trả khách - Điểm 06,Số 221 đường Nguyễn Trung Trực (tiệm vàng Kim Thanh 2),911,,Nguyễn Trung Trực,Dương Tơ - Suối Tranh - Dương Đông,,,"Thành phố Rạch Giá, Tỉnh Kiên Giang"
22,T22,Điểm dừng đón - trả khách - Điểm 05,"Gần trường PTTH Phú Quốc, đường Hùng Vương",911,,Hùng Vương,Dương Tơ - Suối Tranh - Dương Đông,,,"Thành phố Rạch Giá, Tỉnh Kiên Giang"
21,T21,Điểm dừng đón - trả khách - Điểm 04,"Gần trường học Dương Đông, tại cột điện 474PQ/114 đường 30/4",911,,30/4,Dương Tơ - Suối Tranh - Dương Đông,,,"Thành phố Rạch Giá, Tỉnh Kiên Giang"
3,T3,Bến xe Rạch Giá,"Vĩnh Thanh, Rạch Giá",899,30733,,,105.0830441,10.0187171,"Thành phố Rạch Giá, Tỉnh Kiên Giang"
20,T20,Điểm dừng đón - trả khách - Điểm 03,"Ngã ba đường vào Sân bay Phú Quốc và đường tỉnh 973, tại cột điện 5-3P2/18 đường tỉnh 973",911,,Đường tỉnh 973,Dương Tơ - Suối Tranh - Dương Đông,,,"Thành phố Rạch Giá, Tỉnh Kiên Giang"
19,T19,Điểm dừng đón - trả khách - Điểm 02,"Gần ngã ba đường tỉnh 973 vào chùa Hộ Quốc, cột điện 475PQ/296 đường tỉnh 973",911,,Đường tỉnh 973,Dương Tơ - Suối Tranh - Dương Đông,,,"Thành phố Rạch Giá, Tỉnh Kiên Giang"
18,T18,Điểm dừng đón - trả khách - Điểm 01,"Gần trường THCS An Thới 2, cột điện 475PQ/328A đường tỉnh 973",911,,Đường tỉnh 973,Dương Tơ - Suối Tranh - Dương Đông,,,"Thành phố Rạch Giá, Tỉnh Kiên Giang"
24,T24,Km14+050,Thị trấn Giồng Riềng,,,Quốc lộ 61,Ngã 3 Minh Lương - Quốc lộ 61 - Ngã 3 Bến Nhứt - Giồng Riềng,,,"Thành phố Rạch Giá, Tỉnh Kiên Giang"
25,T25,Km14+450,Thị trấn Giồng Riềng,,,Quốc lộ 61,Ngã 3 Minh Lương - Quốc lộ 61 - Ngã 3 Bến Nhứt - Giồng Riềng,,,"Thành phố Rạch Giá, Tỉnh Kiên Giang"
26,T26,Km14+850,Thị trấn Giồng Riềng,,,Quốc lộ 61,Ngã 3 Minh Lương - Quốc lộ 61 - Ngã 3 Bến Nhứt - Giồng Riềng,,,"Thành phố Rạch Giá, Tỉnh Kiên Giang"
27,T27,Km15+300,Thị trấn Giồng Riềng,,,Quốc lộ 61,Ngã 3 Minh Lương - Quốc lộ 61 - Ngã 3 Bến Nhứt - Giồng Riềng,,,"Thành phố Rạch Giá, Tỉnh Kiên Giang"
28,T28,Km15+500,Thị trấn Giồng Riềng,,,Quốc lộ 61,Ngã 3 Minh Lương - Quốc lộ 61 - Ngã 3 Bến Nhứt - Giồng Riềng,,,"Thành phố Rạch Giá, Tỉnh Kiên Giang"
29,T29,Km16+250,Thị trấn Giồng Riềng,,,Quốc lộ 61,Ngã 3 Minh Lương - Quốc lộ 61 - Ngã 3 Bến Nhứt - Giồng Riềng,,,"Thành phố Rạch Giá, Tỉnh Kiên Giang"
30,T30,Km17+100,Thị trấn Giồng Riềng,,,Quốc lộ 61,Ngã 3 Minh Lương - Quốc lộ 61 - Ngã 3 Bến Nhứt - Giồng Riềng,,,"Thành phố Rạch Giá, Tỉnh Kiên Giang"
31,T31,Km17+800,Thị trấn Giồng Riềng,,,Quốc lộ 61,Ngã 3 Minh Lương - Quốc lộ 61 - Ngã 3 Bến Nhứt - Giồng Riềng,,,"Thành phố Rạch Giá, Tỉnh Kiên Giang"
32,T32,Km18+300,Thị trấn Giồng Riềng,,,Quốc lộ 61,Ngã 3 Minh Lương - Quốc lộ 61 - Ngã 3 Bến Nhứt - Giồng Riềng,,,"Thành phố Rạch Giá, Tỉnh Kiên Giang"
33,T33,Km19+300,Thị trấn Giồng Riềng,,,Quốc lộ 61,Ngã 3 Minh Lương - Quốc lộ 61 - Ngã 3 Bến Nhứt - Giồng Riềng,,,"Thành phố Rạch Giá, Tỉnh Kiên Giang"
34,T34,Km19+800,Thị trấn Giồng Riềng,,,Quốc lộ 61,Ngã 3 Minh Lương - Quốc lộ 61 - Ngã 3 Bến Nhứt - Giồng Riềng,,,"Thành phố Rạch Giá, Tỉnh Kiên Giang"
35,T35,Km20+00,Thị trấn Giồng Riềng,,,Quốc lộ 61,Ngã 3 Minh Lương - Quốc lộ 61 - Ngã 3 Bến Nhứt - Giồng Riềng,,,"Thành phố Rạch Giá, Tỉnh Kiên Giang"
36,T36,Km20+900,Thị trấn Giồng Riềng,,,Quốc lộ 61,Ngã 3 Minh Lương - Quốc lộ 61 - Ngã 3 Bến Nhứt - Giồng Riềng,,,"Thành phố Rạch Giá, Tỉnh Kiên Giang"
37,T37,Trạm đối diện Bưu điện huyện Giồng Riềng,Thị trấn Giồng Riềng,,,Quốc lộ 61,Ngã 3 Minh Lương - Quốc lộ 61 - Ngã 3 Bến Nhứt - Giồng Riềng,105.314692,9.909427,"Thành phố Rạch Giá, Tỉnh Kiên Giang"
38,T38,Trạm đối diện Huyện ủy Giồng Riềng,Thị trấn Giồng Riềng,,,Quốc lộ 61,Ngã 3 Minh Lương - Quốc lộ 61 - Ngã 3 Bến Nhứt - Giồng Riềng,105.314939,9.909823,"Thành phố Rạch Giá, Tỉnh Kiên Giang"
39,T39,Km0+250 Nguyễn Bỉnh Khiêm,,,,Nguyễn Bỉnh Khiêm,Bến xe Rạch Giá - Nguyễn Bỉnh Khiêm - Quốc lộ 80 - Bến xe Tri Tôn,,,"Thành phố Rạch Giá, Tỉnh Kiên Giang"
40,T40,Km0+500 Nguyễn Bỉnh Khiêm,,,,Nguyễn Bỉnh Khiêm,Bến xe Rạch Giá - Nguyễn Bỉnh Khiêm - Quốc lộ 80 - Bến xe Tri Tôn,,,"Thành phố Rạch Giá, Tỉnh Kiên Giang"
41,T41,Nhà chờ gần Cây xăng số 2,,,,Nguyễn Bỉnh Khiêm,Bến xe Rạch Giá - Nguyễn Bỉnh Khiêm - Quốc lộ 80 - Bến xe Tri Tôn,,,"Thành phố Rạch Giá, Tỉnh Kiên Giang"
42,T42,"Km121+300, số 426",,,,Quốc lộ 80,Bến xe Rạch Giá - Nguyễn Bỉnh Khiêm - Quốc lộ 80 - Bến xe Tri Tôn,,,"Thành phố Rạch Giá, Tỉnh Kiên Giang"
43,T43,"Km121+300, số 426",,,,Quốc lộ 80,Bến xe Rạch Giá - Nguyễn Bỉnh Khiêm - Quốc lộ 80 - Bến xe Tri Tôn,,,"Thành phố Rạch Giá, Tỉnh Kiên Giang"
45,T45,Km122+200,,,,Quốc lộ 80,Bến xe Rạch Giá - Nguyễn Bỉnh Khiêm - Quốc lộ 80 - Bến xe Tri Tôn,,,"Thành phố Rạch Giá, Tỉnh Kiên Giang"
46,T46,Km12+550 số 782,,,,Quốc lộ 80,Bến xe Rạch Giá - Nguyễn Bỉnh Khiêm - Quốc lộ 80 - Bến xe Tri Tôn,,,"Thành phố Rạch Giá, Tỉnh Kiên Giang"
47,T47,Km12+850,,,,Quốc lộ 80,Bến xe Rạch Giá - Nguyễn Bỉnh Khiêm - Quốc lộ 80 - Bến xe Tri Tôn,,,"Thành phố Rạch Giá, Tỉnh Kiên Giang"
48,T48,Gần km123+100,,,,Quốc lộ 80,Bến xe Rạch Giá - Nguyễn Bỉnh Khiêm - Quốc lộ 80 - Bến xe Tri Tôn,,,"Thành phố Rạch Giá, Tỉnh Kiên Giang"
49,T49,Số 1044 gần Km123+450,,,,Quốc lộ 80,Bến xe Rạch Giá - Nguyễn Bỉnh Khiêm - Quốc lộ 80 - Bến xe Tri Tôn,,,"Thành phố Rạch Giá, Tỉnh Kiên Giang"
50,T50,Trạm trước Phế liệu Phát Đạt số 1164,,,,Quốc lộ 80,Bến xe Rạch Giá - Nguyễn Bỉnh Khiêm - Quốc lộ 80 - Bến xe Tri Tôn,,,"Thành phố Rạch Giá, Tỉnh Kiên Giang"
51,T51,Km123+750,,,,Quốc lộ 80,Bến xe Rạch Giá - Nguyễn Bỉnh Khiêm - Quốc lộ 80 - Bến xe Tri Tôn,,,"Thành phố Rạch Giá, Tỉnh Kiên Giang"
52,T52,Km124+500,,,,Quốc lộ 80,Bến xe Rạch Giá - Nguyễn Bỉnh Khiêm - Quốc lộ 80 - Bến xe Tri Tôn,,,"Thành phố Rạch Giá, Tỉnh Kiên Giang"
53,T53,Trạm trước Uốn tóc Như Thảo số 38,,,,Quốc lộ 80,Bến xe Rạch Giá - Nguyễn Bỉnh Khiêm - Quốc lộ 80 - Bến xe Tri Tôn,,,"Thành phố Rạch Giá, Tỉnh Kiên Giang"
54,T54,Trạm gần Km125+150,,,,Quốc lộ 80,Bến xe Rạch Giá - Nguyễn Bỉnh Khiêm - Quốc lộ 80 - Bến xe Tri Tôn,,,"Thành phố Rạch Giá, Tỉnh Kiên Giang"
55,T55,Km125+900,,,,Quốc lộ 80,Bến xe Rạch Giá - Nguyễn Bỉnh Khiêm - Quốc lộ 80 - Bến xe Tri Tôn,,,"Thành phố Rạch Giá, Tỉnh Kiên Giang"
56,T56,Trạm trước Honda Thành Tâm gần Km126+400,,,,Quốc lộ 80,Bến xe Rạch Giá - Nguyễn Bỉnh Khiêm - Quốc lộ 80 - Bến xe Tri Tôn,,,"Thành phố Rạch Giá, Tỉnh Kiên Giang"
57,T57,Nhà chờ Km126+900,,,,Quốc lộ 80,Bến xe Rạch Giá - Nguyễn Bỉnh Khiêm - Quốc lộ 80 - Bến xe Tri Tôn,,,"Thành phố Rạch Giá, Tỉnh Kiên Giang"
58,T58,Trạm gần Km127+400,,,,Quốc lộ 80,Bến xe Rạch Giá - Nguyễn Bỉnh Khiêm - Quốc lộ 80 - Bến xe Tri Tôn,,,"Thành phố Rạch Giá, Tỉnh Kiên Giang"
59,T59,Trạm gần Km128,,,,Quốc lộ 80,Bến xe Rạch Giá - Nguyễn Bỉnh Khiêm - Quốc lộ 80 - Bến xe Tri Tôn,,,"Thành phố Rạch Giá, Tỉnh Kiên Giang"
60,T60,Km128+300,,,,Quốc lộ 80,Bến xe Rạch Giá - Nguyễn Bỉnh Khiêm - Quốc lộ 80 - Bến xe Tri Tôn,,,"Thành phố Rạch Giá, Tỉnh Kiên Giang"
61,T61,Km128+950,,,,Quốc lộ 80,Bến xe Rạch Giá - Nguyễn Bỉnh Khiêm - Quốc lộ 80 - Bến xe Tri Tôn,,,"Thành phố Rạch Giá, Tỉnh Kiên Giang"
62,T62,Trạm đối diện doanh trại quân đội gần Km129+500,,,,Quốc lộ 80,Bến xe Rạch Giá - Nguyễn Bỉnh Khiêm - Quốc lộ 80 - Bến xe Tri Tôn,,,"Thành phố Rạch Giá, Tỉnh Kiên Giang"
63,T63,Km130,,,,Quốc lộ 80,Bến xe Rạch Giá - Nguyễn Bỉnh Khiêm - Quốc lộ 80 - Bến xe Tri Tôn,,,"Thành phố Rạch Giá, Tỉnh Kiên Giang"
64,T64,Trạm đối diện Trường Trung học Mỹ Hưng,,,,Quốc lộ 80,Bến xe Rạch Giá - Nguyễn Bỉnh Khiêm - Quốc lộ 80 - Bến xe Tri Tôn,,,"Thành phố Rạch Giá, Tỉnh Kiên Giang"
65,T65,Km130+800,,,,Quốc lộ 80,Bến xe Rạch Giá - Nguyễn Bỉnh Khiêm - Quốc lộ 80 - Bến xe Tri Tôn,,,"Thành phố Rạch Giá, Tỉnh Kiên Giang"
66,T66,Km131+500,,,,Quốc lộ 80,Bến xe Rạch Giá - Nguyễn Bỉnh Khiêm - Quốc lộ 80 - Bến xe Tri Tôn,,,"Thành phố Rạch Giá, Tỉnh Kiên Giang"
67,T67,Km131+900,,,,Quốc lộ 80,Bến xe Rạch Giá - Nguyễn Bỉnh Khiêm - Quốc lộ 80 - Bến xe Tri Tôn,,,"Thành phố Rạch Giá, Tỉnh Kiên Giang"
68,T68,Trạm đối diện gần Km132+500,,,,Quốc lộ 80,Bến xe Rạch Giá - Nguyễn Bỉnh Khiêm - Quốc lộ 80 - Bến xe Tri Tôn,,,"Thành phố Rạch Giá, Tỉnh Kiên Giang"
69,T69,Trạm gần Km133,,,,Quốc lộ 80,Bến xe Rạch Giá - Nguyễn Bỉnh Khiêm - Quốc lộ 80 - Bến xe Tri Tôn,,,"Thành phố Rạch Giá, Tỉnh Kiên Giang"
70,T70,Trạm gần Km133+600 Kho Hải Sơn,,,,Quốc lộ 80,Bến xe Rạch Giá - Nguyễn Bỉnh Khiêm - Quốc lộ 80 - Bến xe Tri Tôn,,,"Thành phố Rạch Giá, Tỉnh Kiên Giang"
71,T71,Km134,,,,Quốc lộ 80,Bến xe Rạch Giá - Nguyễn Bỉnh Khiêm - Quốc lộ 80 - Bến xe Tri Tôn,,,"Thành phố Rạch Giá, Tỉnh Kiên Giang"
72,T72,Trạm gần Km133+500,,,,Quốc lộ 80,Bến xe Rạch Giá - Nguyễn Bỉnh Khiêm - Quốc lộ 80 - Bến xe Tri Tôn,,,"Thành phố Rạch Giá, Tỉnh Kiên Giang"
73,T73,Nhà chờ trước Bưu điện Sóc Xoài,,,,Quốc lộ 80,Bến xe Rạch Giá - Nguyễn Bỉnh Khiêm - Quốc lộ 80 - Bến xe Tri Tôn,,,"Thành phố Rạch Giá, Tỉnh Kiên Giang"
74,T74,Trạm gần Km135+650 Honda Bảy Xem,,,,Quốc lộ 80,Bến xe Rạch Giá - Nguyễn Bỉnh Khiêm - Quốc lộ 80 - Bến xe Tri Tôn,,,"Thành phố Rạch Giá, Tỉnh Kiên Giang"
75,T75,Trạm gần Km135+850,,,,Quốc lộ 80,Bến xe Rạch Giá - Nguyễn Bỉnh Khiêm - Quốc lộ 80 - Bến xe Tri Tôn,,,"Thành phố Rạch Giá, Tỉnh Kiên Giang"
76,T76,Km14+00,Thị trấn Giồng Riềng,,,Quốc lộ 61,Giồng Riềng - Ngã 3 Bến Nhứt - Quốc lộ 61 - Ngã 3 Minh Lương,,,"Thành phố Rạch Giá, Tỉnh Kiên Giang"
77,T77,Km14+400,,,,Quốc lộ 61,Giồng Riềng - Ngã 3 Bến Nhứt - Quốc lộ 61 - Ngã 3 Minh Lương,,,"Thành phố Rạch Giá, Tỉnh Kiên Giang"
78,T78,Km14+750,,,,Quốc lộ 61,Giồng Riềng - Ngã 3 Bến Nhứt - Quốc lộ 61 - Ngã 3 Minh Lương,,,"Thành phố Rạch Giá, Tỉnh Kiên Giang"
79,T79,Km15+350,,,,Quốc lộ 61,Giồng Riềng - Ngã 3 Bến Nhứt - Quốc lộ 61 - Ngã 3 Minh Lương,,,"Thành phố Rạch Giá, Tỉnh Kiên Giang"
80,T80,Km15+550,,,,Quốc lộ 61,Giồng Riềng - Ngã 3 Bến Nhứt - Quốc lộ 61 - Ngã 3 Minh Lương,,,"Thành phố Rạch Giá, Tỉnh Kiên Giang"
81,T81,Km16+300,,,,Quốc lộ 61,Giồng Riềng - Ngã 3 Bến Nhứt - Quốc lộ 61 - Ngã 3 Minh Lương,,,"Thành phố Rạch Giá, Tỉnh Kiên Giang"
82,T82,Km17+200,,,,Quốc lộ 61,Giồng Riềng - Ngã 3 Bến Nhứt - Quốc lộ 61 - Ngã 3 Minh Lương,,,"Thành phố Rạch Giá, Tỉnh Kiên Giang"
83,T83,Km17+850,,,,Quốc lộ 61,Giồng Riềng - Ngã 3 Bến Nhứt - Quốc lộ 61 - Ngã 3 Minh Lương,,,"Thành phố Rạch Giá, Tỉnh Kiên Giang"
84,T84,Km18+400,,,,Quốc lộ 61,Giồng Riềng - Ngã 3 Bến Nhứt - Quốc lộ 61 - Ngã 3 Minh Lương,,,"Thành phố Rạch Giá, Tỉnh Kiên Giang"
85,T85,Km19+250,,,,Quốc lộ 61,Giồng Riềng - Ngã 3 Bến Nhứt - Quốc lộ 61 - Ngã 3 Minh Lương,,,"Thành phố Rạch Giá, Tỉnh Kiên Giang"
86,T86,Km19+700,,,,Quốc lộ 61,Giồng Riềng - Ngã 3 Bến Nhứt - Quốc lộ 61 - Ngã 3 Minh Lương,,,"Thành phố Rạch Giá, Tỉnh Kiên Giang"
87,T87,Km20+200,,,,Quốc lộ 61,Giồng Riềng - Ngã 3 Bến Nhứt - Quốc lộ 61 - Ngã 3 Minh Lương,,,"Thành phố Rạch Giá, Tỉnh Kiên Giang"
88,T88,Km20+500,,,,Quốc lộ 61,Giồng Riềng - Ngã 3 Bến Nhứt - Quốc lộ 61 - Ngã 3 Minh Lương,,,"Thành phố Rạch Giá, Tỉnh Kiên Giang"
89,T89,Km20+850,,,,Quốc lộ 61,Giồng Riềng - Ngã 3 Bến Nhứt - Quốc lộ 61 - Ngã 3 Minh Lương,,,"Thành phố Rạch Giá, Tỉnh Kiên Giang"
90,T90,Bến xe Km21+200,,,,Quốc lộ 61,Giồng Riềng - Ngã 3 Bến Nhứt - Quốc lộ 61 - Ngã 3 Minh Lương,,,"Thành phố Rạch Giá, Tỉnh Kiên Giang"
91,T91,Trạm gần Bưu điện huyện Giồng Riềng,,,,Quốc lộ 61,Giồng Riềng - Ngã 3 Bến Nhứt - Quốc lộ 61 - Ngã 3 Minh Lương,105.314408,9.909115,"Thành phố Rạch Giá, Tỉnh Kiên Giang"
92,T92,Trạm gần Huyện ủy Giồng Riềng,,,,Quốc lộ 61,Giồng Riềng - Ngã 3 Bến Nhứt - Quốc lộ 61 - Ngã 3 Minh Lương,105.314735,9.909739,"Thành phố Rạch Giá, Tỉnh Kiên Giang"
93,T93,Km0+200 Nguyễn Bỉnh Khiêm,,,,Nguyễn Bỉnh Khiêm,Bến xe Tri Tôn - Quốc lộ 80 - Nguyễn Bỉnh Khiêm - Bến xe Rạch Giá,,,"Thành phố Rạch Giá, Tỉnh Kiên Giang"
94,T94,Km0+530 Nguyễn Bỉnh Khiêm,,,,Nguyễn Bỉnh Khiêm,Bến xe Tri Tôn - Quốc lộ 80 - Nguyễn Bỉnh Khiêm - Bến xe Rạch Giá,,,"Thành phố Rạch Giá, Tỉnh Kiên Giang"
95,T95,Km0+800 Nguyễn Bỉnh Khiêm,,,,Nguyễn Bỉnh Khiêm,Bến xe Tri Tôn - Quốc lộ 80 - Nguyễn Bỉnh Khiêm - Bến xe Rạch Giá,,,"Thành phố Rạch Giá, Tỉnh Kiên Giang"
96,T96,Km121+300,,,,Quốc lộ 80,Bến xe Tri Tôn - Quốc lộ 80 - Nguyễn Bỉnh Khiêm - Bến xe Rạch Giá,,,"Thành phố Rạch Giá, Tỉnh Kiên Giang"
97,T97,"Km121+500, số 549A",,,,Quốc lộ 80,Bến xe Tri Tôn - Quốc lộ 80 - Nguyễn Bỉnh Khiêm - Bến xe Rạch Giá,,,"Thành phố Rạch Giá, Tỉnh Kiên Giang"
98,T98,Cây xăng Kim Linh,,,,Quốc lộ 80,Bến xe Tri Tôn - Quốc lộ 80 - Nguyễn Bỉnh Khiêm - Bến xe Rạch Giá,,,"Thành phố Rạch Giá, Tỉnh Kiên Giang"
99,T99,Số 687 gần Tạp hóa Khánh Dũng,,,,Quốc lộ 80,Bến xe Tri Tôn - Quốc lộ 80 - Nguyễn Bỉnh Khiêm - Bến xe Rạch Giá,,,"Thành phố Rạch Giá, Tỉnh Kiên Giang"
100,T100,Nhà chờ trước Trường học Nguyễn Thái Bình,,,,Quốc lộ 80,Bến xe Tri Tôn - Quốc lộ 80 - Nguyễn Bỉnh Khiêm - Bến xe Rạch Giá,,,"Thành phố Rạch Giá, Tỉnh Kiên Giang"
101,T101,Trạm trước doanh trại quân đội đối diện Km12+850,,,,Quốc lộ 80,Bến xe Tri Tôn - Quốc lộ 80 - Nguyễn Bỉnh Khiêm - Bến xe Rạch Giá,,,"Thành phố Rạch Giá, Tỉnh Kiên Giang"
102,T102,Số 853,,,,Quốc lộ 80,Bến xe Tri Tôn - Quốc lộ 80 - Nguyễn Bỉnh Khiêm - Bến xe Rạch Giá,,,"Thành phố Rạch Giá, Tỉnh Kiên Giang"
103,T103,Trạm trước khu vực nghĩa trang liệt sĩ đối diện Km 123+450,,,,Quốc lộ 80,Bến xe Tri Tôn - Quốc lộ 80 - Nguyễn Bỉnh Khiêm - Bến xe Rạch Giá,,,"Thành phố Rạch Giá, Tỉnh Kiên Giang"
104,T104,Nhà chờ trước Tiểu học Nguyễn Thái Bình,,,,Quốc lộ 80,Bến xe Tri Tôn - Quốc lộ 80 - Nguyễn Bỉnh Khiêm - Bến xe Rạch Giá,,,"Thành phố Rạch Giá, Tỉnh Kiên Giang"
105,T105,Trạm trước nhà trọ Phương Trang đối diện Km123+750,,,,Quốc lộ 80,Bến xe Tri Tôn - Quốc lộ 80 - Nguyễn Bỉnh Khiêm - Bến xe Rạch Giá,,,"Thành phố Rạch Giá, Tỉnh Kiên Giang"
106,T106,Trạm gần đối diện Km124,,,,Quốc lộ 80,Bến xe Tri Tôn - Quốc lộ 80 - Nguyễn Bỉnh Khiêm - Bến xe Rạch Giá,,,"Thành phố Rạch Giá, Tỉnh Kiên Giang"
107,T107,Nhà chờ trước Tiểu học Mỹ Lâm,,,,Quốc lộ 80,Bến xe Tri Tôn - Quốc lộ 80 - Nguyễn Bỉnh Khiêm - Bến xe Rạch Giá,,,"Thành phố Rạch Giá, Tỉnh Kiên Giang"
108,T108,Trạm gần Công ty TNHH Phương Linh số 145,,,,Quốc lộ 80,Bến xe Tri Tôn - Quốc lộ 80 - Nguyễn Bỉnh Khiêm - Bến xe Rạch Giá,,,"Thành phố Rạch Giá, Tỉnh Kiên Giang"
109,T109,Trạm gần đối diện Km126,,,,Quốc lộ 80,Bến xe Tri Tôn - Quốc lộ 80 - Nguyễn Bỉnh Khiêm - Bến xe Rạch Giá,,,"Thành phố Rạch Giá, Tỉnh Kiên Giang"
110,T110,Nhà chờ trước Trường TH Mỹ Lâm,,,,Quốc lộ 80,Bến xe Tri Tôn - Quốc lộ 80 - Nguyễn Bỉnh Khiêm - Bến xe Rạch Giá,,,"Thành phố Rạch Giá, Tỉnh Kiên Giang"
111,T111,Trạm trước Áo cưới Kiều Nhi đối diện Km126+900,,,,Quốc lộ 80,Bến xe Tri Tôn - Quốc lộ 80 - Nguyễn Bỉnh Khiêm - Bến xe Rạch Giá,,,"Thành phố Rạch Giá, Tỉnh Kiên Giang"
112,T112,Trạm trước UBND xã Mỹ Lâm,,,,Quốc lộ 80,Bến xe Tri Tôn - Quốc lộ 80 - Nguyễn Bỉnh Khiêm - Bến xe Rạch Giá,,,"Thành phố Rạch Giá, Tỉnh Kiên Giang"
113,T113,Trạm đối diện Km127+900,,,,Quốc lộ 80,Bến xe Tri Tôn - Quốc lộ 80 - Nguyễn Bỉnh Khiêm - Bến xe Rạch Giá,,,"Thành phố Rạch Giá, Tỉnh Kiên Giang"
114,T114,Trạm gần Cống Thầy Xếp,,,,Quốc lộ 80,Bến xe Tri Tôn - Quốc lộ 80 - Nguyễn Bỉnh Khiêm - Bến xe Rạch Giá,,,"Thành phố Rạch Giá, Tỉnh Kiên Giang"
115,T115,Trạm gần km128+600,,,,Quốc lộ 80,Bến xe Tri Tôn - Quốc lộ 80 - Nguyễn Bỉnh Khiêm - Bến xe Rạch Giá,,,"Thành phố Rạch Giá, Tỉnh Kiên Giang"
116,T116,Trạm gần Trường tình thương Mỹ Lâm,,,,Quốc lộ 80,Bến xe Tri Tôn - Quốc lộ 80 - Nguyễn Bỉnh Khiêm - Bến xe Rạch Giá,,,"Thành phố Rạch Giá, Tỉnh Kiên Giang"
117,T117,Trạm gần Cống số 3 Km 129+903,,,,Quốc lộ 80,Bến xe Tri Tôn - Quốc lộ 80 - Nguyễn Bỉnh Khiêm - Bến xe Rạch Giá,,,"Thành phố Rạch Giá, Tỉnh Kiên Giang"
118,T118,Trạm trước Tạp hóa BÌnh Bền gần đối diện Km130,,,,Quốc lộ 80,Bến xe Tri Tôn - Quốc lộ 80 - Nguyễn Bỉnh Khiêm - Bến xe Rạch Giá,,,"Thành phố Rạch Giá, Tỉnh Kiên Giang"
200,T200,Km170+500,,,,Quốc lộ 80,Bến xe Tri Tôn - Quốc lộ 80 - Bến xe Kiên Lương,,,"Thành phố Rạch Giá, Tỉnh Kiên Giang"
119,T119,Nhà chờ trước Trường Trung học Mỹ Hưng,,,,Quốc lộ 80,Bến xe Tri Tôn - Quốc lộ 80 - Nguyễn Bỉnh Khiêm - Bến xe Rạch Giá,,,"Thành phố Rạch Giá, Tỉnh Kiên Giang"
120,T120,Trạm gần đối diện Km131,,,,Quốc lộ 80,Bến xe Tri Tôn - Quốc lộ 80 - Nguyễn Bỉnh Khiêm - Bến xe Rạch Giá,,,"Thành phố Rạch Giá, Tỉnh Kiên Giang"
121,T121,Trạm trước Khu xí nghiệp 536,,,,Quốc lộ 80,Bến xe Tri Tôn - Quốc lộ 80 - Nguyễn Bỉnh Khiêm - Bến xe Rạch Giá,,,"Thành phố Rạch Giá, Tỉnh Kiên Giang"
122,T122,Trạm trước Sản xuất nước đá Tư Hưng gần Km132,,,,Quốc lộ 80,Bến xe Tri Tôn - Quốc lộ 80 - Nguyễn Bỉnh Khiêm - Bến xe Rạch Giá,,,"Thành phố Rạch Giá, Tỉnh Kiên Giang"
123,T123,Trạm gần Km132+500,,,,Quốc lộ 80,Bến xe Tri Tôn - Quốc lộ 80 - Nguyễn Bỉnh Khiêm - Bến xe Rạch Giá,,,"Thành phố Rạch Giá, Tỉnh Kiên Giang"
124,T124,Trạm đối diện gần Km133,,,,Quốc lộ 80,Bến xe Tri Tôn - Quốc lộ 80 - Nguyễn Bỉnh Khiêm - Bến xe Rạch Giá,,,"Thành phố Rạch Giá, Tỉnh Kiên Giang"
125,T125,Trạm đối diện Km133+600,,,,Quốc lộ 80,Bến xe Tri Tôn - Quốc lộ 80 - Nguyễn Bỉnh Khiêm - Bến xe Rạch Giá,,,"Thành phố Rạch Giá, Tỉnh Kiên Giang"
126,T126,Trạm đối diện gần Km134 Honda Chiến,,,,Quốc lộ 80,Bến xe Tri Tôn - Quốc lộ 80 - Nguyễn Bỉnh Khiêm - Bến xe Rạch Giá,,,"Thành phố Rạch Giá, Tỉnh Kiên Giang"
127,T127,Trạm đối diện Km133+500,,,,Quốc lộ 80,Bến xe Tri Tôn - Quốc lộ 80 - Nguyễn Bỉnh Khiêm - Bến xe Rạch Giá,,,"Thành phố Rạch Giá, Tỉnh Kiên Giang"
128,T128,Nhà chờ đối diện UBND Xã Sóc Sơn,,,,Quốc lộ 80,Bến xe Tri Tôn - Quốc lộ 80 - Nguyễn Bỉnh Khiêm - Bến xe Rạch Giá,,,"Thành phố Rạch Giá, Tỉnh Kiên Giang"
129,T129,Trạm đối diện gần Km135+650,,,,Quốc lộ 80,Bến xe Tri Tôn - Quốc lộ 80 - Nguyễn Bỉnh Khiêm - Bến xe Rạch Giá,,,"Thành phố Rạch Giá, Tỉnh Kiên Giang"
130,T130,Nhà chờ trước Tiểu học TT Sóc Sơn,,,,Quốc lộ 80,Bến xe Tri Tôn - Quốc lộ 80 - Nguyễn Bỉnh Khiêm - Bến xe Rạch Giá,,,"Thành phố Rạch Giá, Tỉnh Kiên Giang"
131,T131,Trạm đối diện Km136+200 tạp hóa Minh Trí,,,,Quốc lộ 80,Bến xe Rạch Giá - Nguyễn Bỉnh Khiêm - Quốc lộ 80 - Bến xe Tri Tôn,,,"Thành phố Rạch Giá, Tỉnh Kiên Giang"
132,T132,Trạm đối diện Km136+400,,,,Quốc lộ 80,Bến xe Rạch Giá - Nguyễn Bỉnh Khiêm - Quốc lộ 80 - Bến xe Tri Tôn,,,"Thành phố Rạch Giá, Tỉnh Kiên Giang"
133,T133,Trạm gần Km136+900,,,,Quốc lộ 80,Bến xe Rạch Giá - Nguyễn Bỉnh Khiêm - Quốc lộ 80 - Bến xe Tri Tôn,,,"Thành phố Rạch Giá, Tỉnh Kiên Giang"
134,T134,Trạm đối diện Km137+500,,,,Quốc lộ 80,Bến xe Rạch Giá - Nguyễn Bỉnh Khiêm - Quốc lộ 80 - Bến xe Tri Tôn,,,"Thành phố Rạch Giá, Tỉnh Kiên Giang"
135,T135,Trạm đối diện Trường TH Sơn Kiên,,,,Quốc lộ 80,Bến xe Rạch Giá - Nguyễn Bỉnh Khiêm - Quốc lộ 80 - Bến xe Tri Tôn,,,"Thành phố Rạch Giá, Tỉnh Kiên Giang"
136,T136,Trạm gần Km138+700,,,,Quốc lộ 80,Bến xe Rạch Giá - Nguyễn Bỉnh Khiêm - Quốc lộ 80 - Bến xe Tri Tôn,,,"Thành phố Rạch Giá, Tỉnh Kiên Giang"
137,T137,Trạm trước Cà phê Quỳnh Nga Km139,,,,Quốc lộ 80,Bến xe Rạch Giá - Nguyễn Bỉnh Khiêm - Quốc lộ 80 - Bến xe Tri Tôn,,,"Thành phố Rạch Giá, Tỉnh Kiên Giang"
138,T138,Trạm gần Km139+400,,,,Quốc lộ 80,Bến xe Rạch Giá - Nguyễn Bỉnh Khiêm - Quốc lộ 80 - Bến xe Tri Tôn,,,"Thành phố Rạch Giá, Tỉnh Kiên Giang"
139,T139,Km140,,,,Quốc lộ 80,Bến xe Rạch Giá - Nguyễn Bỉnh Khiêm - Quốc lộ 80 - Bến xe Tri Tôn,,,"Thành phố Rạch Giá, Tỉnh Kiên Giang"
140,T140,Km140+350,,,,Quốc lộ 80,Bến xe Rạch Giá - Nguyễn Bỉnh Khiêm - Quốc lộ 80 - Bến xe Tri Tôn,,,"Thành phố Rạch Giá, Tỉnh Kiên Giang"
141,T141,Km141,,,,Quốc lộ 80,Bến xe Rạch Giá - Nguyễn Bỉnh Khiêm - Quốc lộ 80 - Bến xe Tri Tôn,,,"Thành phố Rạch Giá, Tỉnh Kiên Giang"
142,T142,Trạm gần Km141+500 Phân bón Vạn Lợi,,,,Quốc lộ 80,Bến xe Rạch Giá - Nguyễn Bỉnh Khiêm - Quốc lộ 80 - Bến xe Tri Tôn,,,"Thành phố Rạch Giá, Tỉnh Kiên Giang"
143,T143,Trạm gần Km142,,,,Quốc lộ 80,Bến xe Rạch Giá - Nguyễn Bỉnh Khiêm - Quốc lộ 80 - Bến xe Tri Tôn,,,"Thành phố Rạch Giá, Tỉnh Kiên Giang"
144,T144,Trạm gần Km142+500,,,,Quốc lộ 80,Bến xe Rạch Giá - Nguyễn Bỉnh Khiêm - Quốc lộ 80 - Bến xe Tri Tôn,,,"Thành phố Rạch Giá, Tỉnh Kiên Giang"
145,T145,Km143,,,,Quốc lộ 80,Bến xe Rạch Giá - Nguyễn Bỉnh Khiêm - Quốc lộ 80 - Bến xe Tri Tôn,,,"Thành phố Rạch Giá, Tỉnh Kiên Giang"
146,T146,Trạm đối diện gần Km143+500,,,,Quốc lộ 80,Bến xe Rạch Giá - Nguyễn Bỉnh Khiêm - Quốc lộ 80 - Bến xe Tri Tôn,,,"Thành phố Rạch Giá, Tỉnh Kiên Giang"
147,T147,Trạm đối diện Km143+700,,,,Quốc lộ 80,Bến xe Rạch Giá - Nguyễn Bỉnh Khiêm - Quốc lộ 80 - Bến xe Tri Tôn,,,"Thành phố Rạch Giá, Tỉnh Kiên Giang"
148,T148,Trạm gần đối diện Km144+200,,,,Quốc lộ 80,Bến xe Rạch Giá - Nguyễn Bỉnh Khiêm - Quốc lộ 80 - Bến xe Tri Tôn,,,"Thành phố Rạch Giá, Tỉnh Kiên Giang"
149,T149,Trạm đối diện Nghĩa trang Hòn Đất,,,,Quốc lộ 80,Bến xe Rạch Giá - Nguyễn Bỉnh Khiêm - Quốc lộ 80 - Bến xe Tri Tôn,,,"Thành phố Rạch Giá, Tỉnh Kiên Giang"
150,T150,Trạm gần Km145,,,,Quốc lộ 80,Bến xe Rạch Giá - Nguyễn Bỉnh Khiêm - Quốc lộ 80 - Bến xe Tri Tôn,,,"Thành phố Rạch Giá, Tỉnh Kiên Giang"
151,T151,Trạm trước Honda Diệp Bình Km45+500,,,,Quốc lộ 80,Bến xe Rạch Giá - Nguyễn Bỉnh Khiêm - Quốc lộ 80 - Bến xe Tri Tôn,,,"Thành phố Rạch Giá, Tỉnh Kiên Giang"
152,T152,Nhà chờ gần Km145+800,,,,Quốc lộ 80,Bến xe Rạch Giá - Nguyễn Bỉnh Khiêm - Quốc lộ 80 - Bến xe Tri Tôn,,,"Thành phố Rạch Giá, Tỉnh Kiên Giang"
153,T153,Km146,,,,Quốc lộ 80,Bến xe Rạch Giá - Nguyễn Bỉnh Khiêm - Quốc lộ 80 - Bến xe Tri Tôn,,,"Thành phố Rạch Giá, Tỉnh Kiên Giang"
154,T154,Km146+500,,,,Quốc lộ 80,Bến xe Rạch Giá - Nguyễn Bỉnh Khiêm - Quốc lộ 80 - Bến xe Tri Tôn,,,"Thành phố Rạch Giá, Tỉnh Kiên Giang"
155,T155,Km146+800,,,,Quốc lộ 80,Bến xe Rạch Giá - Nguyễn Bỉnh Khiêm - Quốc lộ 80 - Bến xe Tri Tôn,,,"Thành phố Rạch Giá, Tỉnh Kiên Giang"
156,T156,Trạm trước Tiệm sắt Thuận Hòa Km 148+200,,,,Quốc lộ 80,Bến xe Tri Tôn - Quốc lộ 80 - Bến xe Kiên Lương,,,"Thành phố Rạch Giá, Tỉnh Kiên Giang"
157,T157,Trạm gần Km148+650,,,,Quốc lộ 80,Bến xe Tri Tôn - Quốc lộ 80 - Bến xe Kiên Lương,,,"Thành phố Rạch Giá, Tỉnh Kiên Giang"
158,T158,Km149+200,,,,Quốc lộ 80,Bến xe Tri Tôn - Quốc lộ 80 - Bến xe Kiên Lương,,,"Thành phố Rạch Giá, Tỉnh Kiên Giang"
159,T159,Km149+600,,,,Quốc lộ 80,Bến xe Tri Tôn - Quốc lộ 80 - Bến xe Kiên Lương,,,"Thành phố Rạch Giá, Tỉnh Kiên Giang"
160,T160,Km150+300,,,,Quốc lộ 80,Bến xe Tri Tôn - Quốc lộ 80 - Bến xe Kiên Lương,,,"Thành phố Rạch Giá, Tỉnh Kiên Giang"
161,T161,Km150+700,,,,Quốc lộ 80,Bến xe Tri Tôn - Quốc lộ 80 - Bến xe Kiên Lương,,,"Thành phố Rạch Giá, Tỉnh Kiên Giang"
162,T162,Km151+400,,,,Quốc lộ 80,Bến xe Tri Tôn - Quốc lộ 80 - Bến xe Kiên Lương,,,"Thành phố Rạch Giá, Tỉnh Kiên Giang"
163,T163,Km151+700,,,,Quốc lộ 80,Bến xe Tri Tôn - Quốc lộ 80 - Bến xe Kiên Lương,,,"Thành phố Rạch Giá, Tỉnh Kiên Giang"
164,T164,Km152,,,,Quốc lộ 80,Bến xe Tri Tôn - Quốc lộ 80 - Bến xe Kiên Lương,,,"Thành phố Rạch Giá, Tỉnh Kiên Giang"
165,T165,Km152+500,,,,Quốc lộ 80,Bến xe Tri Tôn - Quốc lộ 80 - Bến xe Kiên Lương,,,"Thành phố Rạch Giá, Tỉnh Kiên Giang"
166,T166,Km153,,,,Quốc lộ 80,Bến xe Tri Tôn - Quốc lộ 80 - Bến xe Kiên Lương,,,"Thành phố Rạch Giá, Tỉnh Kiên Giang"
167,T167,Km153+500,,,,Quốc lộ 80,Bến xe Tri Tôn - Quốc lộ 80 - Bến xe Kiên Lương,,,"Thành phố Rạch Giá, Tỉnh Kiên Giang"
168,T168,Km153+950,,,,Quốc lộ 80,Bến xe Tri Tôn - Quốc lộ 80 - Bến xe Kiên Lương,,,"Thành phố Rạch Giá, Tỉnh Kiên Giang"
169,T169,Km154+300,,,,Quốc lộ 80,Bến xe Tri Tôn - Quốc lộ 80 - Bến xe Kiên Lương,,,"Thành phố Rạch Giá, Tỉnh Kiên Giang"
170,T170,Km154+500,,,,Quốc lộ 80,Bến xe Tri Tôn - Quốc lộ 80 - Bến xe Kiên Lương,,,"Thành phố Rạch Giá, Tỉnh Kiên Giang"
171,T171,Km155,,,,Quốc lộ 80,Bến xe Tri Tôn - Quốc lộ 80 - Bến xe Kiên Lương,,,"Thành phố Rạch Giá, Tỉnh Kiên Giang"
172,T172,Km155+500,,,,Quốc lộ 80,Bến xe Tri Tôn - Quốc lộ 80 - Bến xe Kiên Lương,,,"Thành phố Rạch Giá, Tỉnh Kiên Giang"
173,T173,Trạm đối diện Tiểu học Bình Sơn 3,,,,Quốc lộ 80,Bến xe Tri Tôn - Quốc lộ 80 - Bến xe Kiên Lương,,,"Thành phố Rạch Giá, Tỉnh Kiên Giang"
174,T174,Km156+400,,,,Quốc lộ 80,Bến xe Tri Tôn - Quốc lộ 80 - Bến xe Kiên Lương,,,"Thành phố Rạch Giá, Tỉnh Kiên Giang"
175,T175,Trạm đối diện Km156+800,,,,Quốc lộ 80,Bến xe Tri Tôn - Quốc lộ 80 - Bến xe Kiên Lương,,,"Thành phố Rạch Giá, Tỉnh Kiên Giang"
176,T176,Km157+400,,,,Quốc lộ 80,Bến xe Tri Tôn - Quốc lộ 80 - Bến xe Kiên Lương,,,"Thành phố Rạch Giá, Tỉnh Kiên Giang"
177,T177,Trạm gần Km158,,,,Quốc lộ 80,Bến xe Tri Tôn - Quốc lộ 80 - Bến xe Kiên Lương,,,"Thành phố Rạch Giá, Tỉnh Kiên Giang"
178,T178,Trạm gần đối diện Km158+500,,,,Quốc lộ 80,Bến xe Tri Tôn - Quốc lộ 80 - Bến xe Kiên Lương,,,"Thành phố Rạch Giá, Tỉnh Kiên Giang"
179,T179,Trạm gần Km159,,,,Quốc lộ 80,Bến xe Tri Tôn - Quốc lộ 80 - Bến xe Kiên Lương,,,"Thành phố Rạch Giá, Tỉnh Kiên Giang"
180,T180,Trạm gần Km159+500,,,,Quốc lộ 80,Bến xe Tri Tôn - Quốc lộ 80 - Bến xe Kiên Lương,,,"Thành phố Rạch Giá, Tỉnh Kiên Giang"
181,T181,Trạm gần Km160,,,,Quốc lộ 80,Bến xe Tri Tôn - Quốc lộ 80 - Bến xe Kiên Lương,,,"Thành phố Rạch Giá, Tỉnh Kiên Giang"
182,T182,Trạm gần Km160+500,,,,Quốc lộ 80,Bến xe Tri Tôn - Quốc lộ 80 - Bến xe Kiên Lương,,,"Thành phố Rạch Giá, Tỉnh Kiên Giang"
183,T183,Trạm gần Km161,,,,Quốc lộ 80,Bến xe Tri Tôn - Quốc lộ 80 - Bến xe Kiên Lương,,,"Thành phố Rạch Giá, Tỉnh Kiên Giang"
184,T184,Trạm trước Cà phê Nga khu vực chợ Vàm Rẫy,,,,Quốc lộ 80,Bến xe Tri Tôn - Quốc lộ 80 - Bến xe Kiên Lương,,,"Thành phố Rạch Giá, Tỉnh Kiên Giang"
185,T185,Trạm trước VLXD Phước Chung,,,,Quốc lộ 80,Bến xe Tri Tôn - Quốc lộ 80 - Bến xe Kiên Lương,,,"Thành phố Rạch Giá, Tỉnh Kiên Giang"
186,T186,Km162+600,,,,Quốc lộ 80,Bến xe Tri Tôn - Quốc lộ 80 - Bến xe Kiên Lương,,,"Thành phố Rạch Giá, Tỉnh Kiên Giang"
187,T187,Km163,,,,Quốc lộ 80,Bến xe Tri Tôn - Quốc lộ 80 - Bến xe Kiên Lương,,,"Thành phố Rạch Giá, Tỉnh Kiên Giang"
188,T188,Km163+400,,,,Quốc lộ 80,Bến xe Tri Tôn - Quốc lộ 80 - Bến xe Kiên Lương,,,"Thành phố Rạch Giá, Tỉnh Kiên Giang"
189,T189,Km164,,,,Quốc lộ 80,Bến xe Tri Tôn - Quốc lộ 80 - Bến xe Kiên Lương,,,"Thành phố Rạch Giá, Tỉnh Kiên Giang"
190,T190,Trạm trước Cà phê Vườn Xoài đối diện Km165+500,,,,Quốc lộ 80,Bến xe Tri Tôn - Quốc lộ 80 - Bến xe Kiên Lương,,,"Thành phố Rạch Giá, Tỉnh Kiên Giang"
191,T191,Km165,,,,Quốc lộ 80,Bến xe Tri Tôn - Quốc lộ 80 - Bến xe Kiên Lương,,,"Thành phố Rạch Giá, Tỉnh Kiên Giang"
192,T192,Km165+500,,,,Quốc lộ 80,Bến xe Tri Tôn - Quốc lộ 80 - Bến xe Kiên Lương,,,"Thành phố Rạch Giá, Tỉnh Kiên Giang"
193,T193,Trạm trước Phân bón Đình Trí Km165+900,,,,Quốc lộ 80,Bến xe Tri Tôn - Quốc lộ 80 - Bến xe Kiên Lương,,,"Thành phố Rạch Giá, Tỉnh Kiên Giang"
194,T194,km166+700,,,,Quốc lộ 80,Bến xe Tri Tôn - Quốc lộ 80 - Bến xe Kiên Lương,,,"Thành phố Rạch Giá, Tỉnh Kiên Giang"
195,T195,Gần Km167,,,,Quốc lộ 80,Bến xe Tri Tôn - Quốc lộ 80 - Bến xe Kiên Lương,,,"Thành phố Rạch Giá, Tỉnh Kiên Giang"
196,T196,Trạm trước Cà phê Ba Khai gần Km167+600,,,,Quốc lộ 80,Bến xe Tri Tôn - Quốc lộ 80 - Bến xe Kiên Lương,,,"Thành phố Rạch Giá, Tỉnh Kiên Giang"
197,T197,Km168,,,,Quốc lộ 80,Bến xe Tri Tôn - Quốc lộ 80 - Bến xe Kiên Lương,,,"Thành phố Rạch Giá, Tỉnh Kiên Giang"
198,T198,Đối diện Km168+500,,,,Quốc lộ 80,Bến xe Tri Tôn - Quốc lộ 80 - Bến xe Kiên Lương,,,"Thành phố Rạch Giá, Tỉnh Kiên Giang"
199,T199,Km169,,,,Quốc lộ 80,Bến xe Tri Tôn - Quốc lộ 80 - Bến xe Kiên Lương,,,"Thành phố Rạch Giá, Tỉnh Kiên Giang"
201,T201,Trạm đối diện Tiểu học Bình Giang 2,,,,Quốc lộ 80,Bến xe Tri Tôn - Quốc lộ 80 - Bến xe Kiên Lương,,,"Thành phố Rạch Giá, Tỉnh Kiên Giang"
202,T202,Trạm gần Km171,,,,Quốc lộ 80,Bến xe Tri Tôn - Quốc lộ 80 - Bến xe Kiên Lương,,,"Thành phố Rạch Giá, Tỉnh Kiên Giang"
203,T203,Km171+800,,,,Quốc lộ 80,Bến xe Tri Tôn - Quốc lộ 80 - Bến xe Kiên Lương,,,"Thành phố Rạch Giá, Tỉnh Kiên Giang"
204,T204,Km172+200,,,,Quốc lộ 80,Bến xe Tri Tôn - Quốc lộ 80 - Bến xe Kiên Lương,,,"Thành phố Rạch Giá, Tỉnh Kiên Giang"
205,T205,Km172+500,,,,Quốc lộ 80,Bến xe Tri Tôn - Quốc lộ 80 - Bến xe Kiên Lương,,,"Thành phố Rạch Giá, Tỉnh Kiên Giang"
206,T206,Km172+750,,,,Quốc lộ 80,Bến xe Tri Tôn - Quốc lộ 80 - Bến xe Kiên Lương,,,"Thành phố Rạch Giá, Tỉnh Kiên Giang"
207,T207,Trạm trước VLXD Hai Thế,,,,Quốc lộ 80,Bến xe Tri Tôn - Quốc lộ 80 - Bến xe Kiên Lương,,,"Thành phố Rạch Giá, Tỉnh Kiên Giang"
208,T208,Trạm trước Phèn Polomite Tân Hoàng,,,,Quốc lộ 80,Bến xe Tri Tôn - Quốc lộ 80 - Bến xe Kiên Lương,,,"Thành phố Rạch Giá, Tỉnh Kiên Giang"
209,T209,Km173+750,,,,Quốc lộ 80,Bến xe Tri Tôn - Quốc lộ 80 - Bến xe Kiên Lương,,,"Thành phố Rạch Giá, Tỉnh Kiên Giang"
210,T210,Km174+250,,,,Quốc lộ 80,Bến xe Tri Tôn - Quốc lộ 80 - Bến xe Kiên Lương,,,"Thành phố Rạch Giá, Tỉnh Kiên Giang"
211,T211,Trạm trước Tạp hóa Ngọc Hân Km174+650,,,,Quốc lộ 80,Bến xe Tri Tôn - Quốc lộ 80 - Bến xe Kiên Lương,,,"Thành phố Rạch Giá, Tỉnh Kiên Giang"
212,T212,Km175,,,,Quốc lộ 80,Bến xe Tri Tôn - Quốc lộ 80 - Bến xe Kiên Lương,,,"Thành phố Rạch Giá, Tỉnh Kiên Giang"
213,T213,Km175+450,,,,Quốc lộ 80,Bến xe Tri Tôn - Quốc lộ 80 - Bến xe Kiên Lương,,,"Thành phố Rạch Giá, Tỉnh Kiên Giang"
214,T214,Trạm trước Cà phê Anh Ngọc Km 175+700,,,,Quốc lộ 80,Bến xe Tri Tôn - Quốc lộ 80 - Bến xe Kiên Lương,,,"Thành phố Rạch Giá, Tỉnh Kiên Giang"
215,T215,Trạm gần đối diện Trường Tiểu học Kiên Bình 1,,,,Quốc lộ 80,Bến xe Tri Tôn - Quốc lộ 80 - Bến xe Kiên Lương,,,"Thành phố Rạch Giá, Tỉnh Kiên Giang"
216,T216,Km176+800,,,,Quốc lộ 80,Bến xe Tri Tôn - Quốc lộ 80 - Bến xe Kiên Lương,,,"Thành phố Rạch Giá, Tỉnh Kiên Giang"
217,T217,Đối diện Km177+400,,,,Quốc lộ 80,Bến xe Tri Tôn - Quốc lộ 80 - Bến xe Kiên Lương,,,"Thành phố Rạch Giá, Tỉnh Kiên Giang"
218,T218,Trạm đối diện Trường Tiểu học Kiên Bình 1,,,,Quốc lộ 80,Bến xe Tri Tôn - Quốc lộ 80 - Bến xe Kiên Lương,,,"Thành phố Rạch Giá, Tỉnh Kiên Giang"
219,T219,Trạm gần Km178,,,,Quốc lộ 80,Bến xe Tri Tôn - Quốc lộ 80 - Bến xe Kiên Lương,,,"Thành phố Rạch Giá, Tỉnh Kiên Giang"
220,T220,Trạm gần Km179,,,,Quốc lộ 80,Bến xe Tri Tôn - Quốc lộ 80 - Bến xe Kiên Lương,,,"Thành phố Rạch Giá, Tỉnh Kiên Giang"
221,T221,Km179+400,,,,Quốc lộ 80,Bến xe Tri Tôn - Quốc lộ 80 - Bến xe Kiên Lương,,,"Thành phố Rạch Giá, Tỉnh Kiên Giang"
222,T222,Trạm gần Km179+800,,,,Quốc lộ 80,Bến xe Tri Tôn - Quốc lộ 80 - Bến xe Kiên Lương,,,"Thành phố Rạch Giá, Tỉnh Kiên Giang"
223,T223,Trạm đối diện Trạm QL Đường sông Kiên Lương,,,,Quốc lộ 80,Bến xe Tri Tôn - Quốc lộ 80 - Bến xe Kiên Lương,,,"Thành phố Rạch Giá, Tỉnh Kiên Giang"
224,T224,Trạm gần Km181,,,,Quốc lộ 80,Bến xe Tri Tôn - Quốc lộ 80 - Bến xe Kiên Lương,,,"Thành phố Rạch Giá, Tỉnh Kiên Giang"
225,T225,Km181+100,,,,Quốc lộ 80,Bến xe Tri Tôn - Quốc lộ 80 - Bến xe Kiên Lương,,,"Thành phố Rạch Giá, Tỉnh Kiên Giang"
226,T226,Trạm đối diện UBND TT Kiên Lương,,,,Quốc lộ 80,Bến xe Tri Tôn - Quốc lộ 80 - Bến xe Kiên Lương,,,"Thành phố Rạch Giá, Tỉnh Kiên Giang"
227,T227,Trạm gần Km136+400,,,,Quốc lộ 80,Bến xe Tri Tôn - Bến xe Rạch Giá - Nguyễn Bỉnh Khiêm - Quốc lộ 80,,,"Thành phố Rạch Giá, Tỉnh Kiên Giang"
228,T228,Trạm gần Km136+676 cầu Tà Lúa,,,,Quốc lộ 80,Bến xe Tri Tôn - Bến xe Rạch Giá - Nguyễn Bỉnh Khiêm - Quốc lộ 80,,,"Thành phố Rạch Giá, Tỉnh Kiên Giang"
229,T229,Trạm đối diện Km136+900,,,,Quốc lộ 80,Bến xe Tri Tôn - Bến xe Rạch Giá - Nguyễn Bỉnh Khiêm - Quốc lộ 80,,,"Thành phố Rạch Giá, Tỉnh Kiên Giang"
230,T230,Trạm gần Km137+500,,,,Quốc lộ 80,Bến xe Tri Tôn - Bến xe Rạch Giá - Nguyễn Bỉnh Khiêm - Quốc lộ 80,,,"Thành phố Rạch Giá, Tỉnh Kiên Giang"
231,T231,Nhà chờ trước Trường TH Sơn Kiên,,,,Quốc lộ 80,Bến xe Tri Tôn - Bến xe Rạch Giá - Nguyễn Bỉnh Khiêm - Quốc lộ 80,,,"Thành phố Rạch Giá, Tỉnh Kiên Giang"
232,T232,Trạm đối diện Km138+700,,,,Quốc lộ 80,Bến xe Tri Tôn - Bến xe Rạch Giá - Nguyễn Bỉnh Khiêm - Quốc lộ 80,,,"Thành phố Rạch Giá, Tỉnh Kiên Giang"
233,T233,Nhà chờ trước Trung tâm đào tạo sát hạch lái xe gần đối diện Km139,,,,Quốc lộ 80,Bến xe Tri Tôn - Bến xe Rạch Giá - Nguyễn Bỉnh Khiêm - Quốc lộ 80,,,"Thành phố Rạch Giá, Tỉnh Kiên Giang"
234,T234,Trạm đối diện Km139+400,,,,Quốc lộ 80,Bến xe Tri Tôn - Bến xe Rạch Giá - Nguyễn Bỉnh Khiêm - Quốc lộ 80,,,"Thành phố Rạch Giá, Tỉnh Kiên Giang"
235,T235,Trạm trước Tiểu học Sơn Kiên 1,,,,Quốc lộ 80,Bến xe Tri Tôn - Bến xe Rạch Giá - Nguyễn Bỉnh Khiêm - Quốc lộ 80,,,"Thành phố Rạch Giá, Tỉnh Kiên Giang"
236,T236,Đối diện gần Km140+350,,,,Quốc lộ 80,Bến xe Tri Tôn - Bến xe Rạch Giá - Nguyễn Bỉnh Khiêm - Quốc lộ 80,,,"Thành phố Rạch Giá, Tỉnh Kiên Giang"
237,T237,Đối diện gần Km141,,,,Quốc lộ 80,Bến xe Tri Tôn - Bến xe Rạch Giá - Nguyễn Bỉnh Khiêm - Quốc lộ 80,,,"Thành phố Rạch Giá, Tỉnh Kiên Giang"
238,T238,Nhà chờ đối diện Km141+500,,,,Quốc lộ 80,Bến xe Tri Tôn - Bến xe Rạch Giá - Nguyễn Bỉnh Khiêm - Quốc lộ 80,,,"Thành phố Rạch Giá, Tỉnh Kiên Giang"
239,T239,Trạm đối diện gần Km142,,,,Quốc lộ 80,Bến xe Tri Tôn - Bến xe Rạch Giá - Nguyễn Bỉnh Khiêm - Quốc lộ 80,,,"Thành phố Rạch Giá, Tỉnh Kiên Giang"
240,T240,Trạm đối diện gần Km142+500,,,,Quốc lộ 80,Bến xe Tri Tôn - Bến xe Rạch Giá - Nguyễn Bỉnh Khiêm - Quốc lộ 80,,,"Thành phố Rạch Giá, Tỉnh Kiên Giang"
241,T241,Trạm đối diện gần Km143,,,,Quốc lộ 80,Bến xe Tri Tôn - Bến xe Rạch Giá - Nguyễn Bỉnh Khiêm - Quốc lộ 80,,,"Thành phố Rạch Giá, Tỉnh Kiên Giang"
242,T242,Trạm gần Km143+500,,,,Quốc lộ 80,Bến xe Tri Tôn - Bến xe Rạch Giá - Nguyễn Bỉnh Khiêm - Quốc lộ 80,,,"Thành phố Rạch Giá, Tỉnh Kiên Giang"
243,T243,Trạm gần Km143+943 Cầu Kênh 9,,,,Quốc lộ 80,Bến xe Tri Tôn - Bến xe Rạch Giá - Nguyễn Bỉnh Khiêm - Quốc lộ 80,,,"Thành phố Rạch Giá, Tỉnh Kiên Giang"
244,T244,Trạm gần Km144+200,,,,Quốc lộ 80,Bến xe Tri Tôn - Bến xe Rạch Giá - Nguyễn Bỉnh Khiêm - Quốc lộ 80,,,"Thành phố Rạch Giá, Tỉnh Kiên Giang"
245,T245,Trạm trước Nghĩa trang Hòn Đất,,,,Quốc lộ 80,Bến xe Tri Tôn - Bến xe Rạch Giá - Nguyễn Bỉnh Khiêm - Quốc lộ 80,,,"Thành phố Rạch Giá, Tỉnh Kiên Giang"
246,T246,Trạm đối diện Km145,,,,Quốc lộ 80,Bến xe Tri Tôn - Bến xe Rạch Giá - Nguyễn Bỉnh Khiêm - Quốc lộ 80,,,"Thành phố Rạch Giá, Tỉnh Kiên Giang"
247,T247,Trạm đối diện Km145+500,,,,Quốc lộ 80,Bến xe Tri Tôn - Bến xe Rạch Giá - Nguyễn Bỉnh Khiêm - Quốc lộ 80,,,"Thành phố Rạch Giá, Tỉnh Kiên Giang"
248,T248,Nhà chờ trước Trung tâm y tế huyện Hòn Đất,,,,Quốc lộ 80,Bến xe Tri Tôn - Bến xe Rạch Giá - Nguyễn Bỉnh Khiêm - Quốc lộ 80,,,"Thành phố Rạch Giá, Tỉnh Kiên Giang"
249,T249,Trạm đối diện gần Km146 Tiệm cơm Minh Nhật,,,,Quốc lộ 80,Bến xe Tri Tôn - Bến xe Rạch Giá - Nguyễn Bỉnh Khiêm - Quốc lộ 80,,,"Thành phố Rạch Giá, Tỉnh Kiên Giang"
250,T250,Trạm trước Ngân hàng Sông Kiên,,,,Quốc lộ 80,Bến xe Tri Tôn - Bến xe Rạch Giá - Nguyễn Bỉnh Khiêm - Quốc lộ 80,,,"Thành phố Rạch Giá, Tỉnh Kiên Giang"
251,T251,Trạm trước Tòa án huyện Hòn Đất,,,,Quốc lộ 80,Bến xe Tri Tôn - Bến xe Rạch Giá - Nguyễn Bỉnh Khiêm - Quốc lộ 80,,,"Thành phố Rạch Giá, Tỉnh Kiên Giang"
252,T252,Bến xe Hòn Đất,,,,Quốc lộ 80,Bến xe Tri Tôn - Bến xe Rạch Giá - Nguyễn Bỉnh Khiêm - Quốc lộ 80,,,"Thành phố Rạch Giá, Tỉnh Kiên Giang"
253,T253,Trạm trước Nông ngư Cơ Thanh Trung,,,,Quốc lộ 80,Bến xe Kiên Lương - Quốc lộ 80 - Bến xe Tri Tôn,,,"Thành phố Rạch Giá, Tỉnh Kiên Giang"
254,T254,Trạm đối diện gần Km148+650,,,,Quốc lộ 80,Bến xe Kiên Lương - Quốc lộ 80 - Bến xe Tri Tôn,,,"Thành phố Rạch Giá, Tỉnh Kiên Giang"
255,T255,Đối diện Km149+200,,,,Quốc lộ 80,Bến xe Kiên Lương - Quốc lộ 80 - Bến xe Tri Tôn,,,"Thành phố Rạch Giá, Tỉnh Kiên Giang"
256,T256,Trạm trước Nhà máy phân bón Thiên Giang,,,,Quốc lộ 80,Bến xe Kiên Lương - Quốc lộ 80 - Bến xe Tri Tôn,,,"Thành phố Rạch Giá, Tỉnh Kiên Giang"
257,T257,Đối diện Km140+300,,,,Quốc lộ 80,Bến xe Kiên Lương - Quốc lộ 80 - Bến xe Tri Tôn,,,"Thành phố Rạch Giá, Tỉnh Kiên Giang"
258,T258,Đối diện Km140+700,,,,Quốc lộ 80,Bến xe Kiên Lương - Quốc lộ 80 - Bến xe Tri Tôn,,,"Thành phố Rạch Giá, Tỉnh Kiên Giang"
259,T259,Trạm gần đối diện Km151+400,,,,Quốc lộ 80,Bến xe Kiên Lương - Quốc lộ 80 - Bến xe Tri Tôn,,,"Thành phố Rạch Giá, Tỉnh Kiên Giang"
260,T260,Trạm gần đối diện Km151+700,,,,Quốc lộ 80,Bến xe Kiên Lương - Quốc lộ 80 - Bến xe Tri Tôn,,,"Thành phố Rạch Giá, Tỉnh Kiên Giang"
261,T261,Đối diện Km152,,,,Quốc lộ 80,Bến xe Kiên Lương - Quốc lộ 80 - Bến xe Tri Tôn,,,"Thành phố Rạch Giá, Tỉnh Kiên Giang"
262,T262,Trạm gần đối diện Km152+500,,,,Quốc lộ 80,Bến xe Kiên Lương - Quốc lộ 80 - Bến xe Tri Tôn,,,"Thành phố Rạch Giá, Tỉnh Kiên Giang"
263,T263,Trạm gần đối diện Km152+300,,,,Quốc lộ 80,Bến xe Kiên Lương - Quốc lộ 80 - Bến xe Tri Tôn,,,"Thành phố Rạch Giá, Tỉnh Kiên Giang"
264,T264,Trạm gần đối diện Km153+500,,,,Quốc lộ 80,Bến xe Kiên Lương - Quốc lộ 80 - Bến xe Tri Tôn,,,"Thành phố Rạch Giá, Tỉnh Kiên Giang"
265,T265,Trạm gần đối diện Km154,,,,Quốc lộ 80,Bến xe Kiên Lương - Quốc lộ 80 - Bến xe Tri Tôn,,,"Thành phố Rạch Giá, Tỉnh Kiên Giang"
266,T266,Trạm gần đối diện Km154+300,,,,Quốc lộ 80,Bến xe Kiên Lương - Quốc lộ 80 - Bến xe Tri Tôn,,,"Thành phố Rạch Giá, Tỉnh Kiên Giang"
267,T267,Trạm gần đối diện Km154+500,,,,Quốc lộ 80,Bến xe Kiên Lương - Quốc lộ 80 - Bến xe Tri Tôn,,,"Thành phố Rạch Giá, Tỉnh Kiên Giang"
268,T268,Trạm gần đối diện Km155,,,,Quốc lộ 80,Bến xe Kiên Lương - Quốc lộ 80 - Bến xe Tri Tôn,,,"Thành phố Rạch Giá, Tỉnh Kiên Giang"
269,T269,Trạm gần đối diện Km155+500,,,,Quốc lộ 80,Bến xe Kiên Lương - Quốc lộ 80 - Bến xe Tri Tôn,,,"Thành phố Rạch Giá, Tỉnh Kiên Giang"
270,T270,Trạm trước Tiểu học Bình Sơn 3,,,,Quốc lộ 80,Bến xe Kiên Lương - Quốc lộ 80 - Bến xe Tri Tôn,,,"Thành phố Rạch Giá, Tỉnh Kiên Giang"
271,T271,Trạm trước Trường Mẫu giáo Bình Sơn,,,,Quốc lộ 80,Bến xe Kiên Lương - Quốc lộ 80 - Bến xe Tri Tôn,,,"Thành phố Rạch Giá, Tỉnh Kiên Giang"
272,T272,Km156+800,,,,Quốc lộ 80,Bến xe Kiên Lương - Quốc lộ 80 - Bến xe Tri Tôn,,,"Thành phố Rạch Giá, Tỉnh Kiên Giang"
273,T273,Trạm gần đối diện Km157+400,,,,Quốc lộ 80,Bến xe Kiên Lương - Quốc lộ 80 - Bến xe Tri Tôn,,,"Thành phố Rạch Giá, Tỉnh Kiên Giang"
274,T274,Trạm đối diện Km158,,,,Quốc lộ 80,Bến xe Kiên Lương - Quốc lộ 80 - Bến xe Tri Tôn,,,"Thành phố Rạch Giá, Tỉnh Kiên Giang"
275,T275,Km158+500,,,,Quốc lộ 80,Bến xe Kiên Lương - Quốc lộ 80 - Bến xe Tri Tôn,,,"Thành phố Rạch Giá, Tỉnh Kiên Giang"
276,T276,Trạm đối diện Km159,,,,Quốc lộ 80,Bến xe Kiên Lương - Quốc lộ 80 - Bến xe Tri Tôn,,,"Thành phố Rạch Giá, Tỉnh Kiên Giang"
277,T277,Trạm đối diện Km159+500,,,,Quốc lộ 80,Bến xe Kiên Lương - Quốc lộ 80 - Bến xe Tri Tôn,,,"Thành phố Rạch Giá, Tỉnh Kiên Giang"
278,T278,Trạm đối diện Km160,,,,Quốc lộ 80,Bến xe Kiên Lương - Quốc lộ 80 - Bến xe Tri Tôn,,,"Thành phố Rạch Giá, Tỉnh Kiên Giang"
279,T279,Trạm đối diện Km160+500,,,,Quốc lộ 80,Bến xe Kiên Lương - Quốc lộ 80 - Bến xe Tri Tôn,,,"Thành phố Rạch Giá, Tỉnh Kiên Giang"
280,T280,Trạm đối diện Km161,,,,Quốc lộ 80,Bến xe Kiên Lương - Quốc lộ 80 - Bến xe Tri Tôn,,,"Thành phố Rạch Giá, Tỉnh Kiên Giang"
281,T281,Trạm trước Tiệm cơm Nhật Trường khu vực chợ Vàm Rẫy,,,,Quốc lộ 80,Bến xe Kiên Lương - Quốc lộ 80 - Bến xe Tri Tôn,,,"Thành phố Rạch Giá, Tỉnh Kiên Giang"
282,T282,Nhà chờ trước Tiểu học Bình Sơn 1,,,,Quốc lộ 80,Bến xe Kiên Lương - Quốc lộ 80 - Bến xe Tri Tôn,,,"Thành phố Rạch Giá, Tỉnh Kiên Giang"
283,T283,Trạm sau đường lên cầu Tám Ngàn,,,,Quốc lộ 80,Bến xe Kiên Lương - Quốc lộ 80 - Bến xe Tri Tôn,,,"Thành phố Rạch Giá, Tỉnh Kiên Giang"
284,T284,Trạm gần đối diện Km163,,,,Quốc lộ 80,Bến xe Kiên Lương - Quốc lộ 80 - Bến xe Tri Tôn,,,"Thành phố Rạch Giá, Tỉnh Kiên Giang"
285,T285,Trạm gần đối diện Km163+400,,,,Quốc lộ 80,Bến xe Kiên Lương - Quốc lộ 80 - Bến xe Tri Tôn,,,"Thành phố Rạch Giá, Tỉnh Kiên Giang"
286,T286,Trạm gần đối diện Km164,,,,Quốc lộ 80,Bến xe Kiên Lương - Quốc lộ 80 - Bến xe Tri Tôn,,,"Thành phố Rạch Giá, Tỉnh Kiên Giang"
287,T287,Km164+500,,,,Quốc lộ 80,Bến xe Kiên Lương - Quốc lộ 80 - Bến xe Tri Tôn,,,"Thành phố Rạch Giá, Tỉnh Kiên Giang"
288,T288,Trạm gần đối diện Km165,,,,Quốc lộ 80,Bến xe Kiên Lương - Quốc lộ 80 - Bến xe Tri Tôn,,,"Thành phố Rạch Giá, Tỉnh Kiên Giang"
289,T289,Trạm gần đối diện Km165+500,,,,Quốc lộ 80,Bến xe Kiên Lương - Quốc lộ 80 - Bến xe Tri Tôn,,,"Thành phố Rạch Giá, Tỉnh Kiên Giang"
290,T290,Km165+900,,,,Quốc lộ 80,Bến xe Kiên Lương - Quốc lộ 80 - Bến xe Tri Tôn,,,"Thành phố Rạch Giá, Tỉnh Kiên Giang"
291,T291,Nhà chờ trước UBND xã Bình Giang,,,,Quốc lộ 80,Bến xe Kiên Lương - Quốc lộ 80 - Bến xe Tri Tôn,,,"Thành phố Rạch Giá, Tỉnh Kiên Giang"
292,T292,Nhà chờ trước Tiểu học Bình Giang 2,,,,Quốc lộ 80,Bến xe Kiên Lương - Quốc lộ 80 - Bến xe Tri Tôn,,,"Thành phố Rạch Giá, Tỉnh Kiên Giang"
293,T293,Trạm trước Cà phê Quê Hương đối diện Km167+600,,,,Quốc lộ 80,Bến xe Kiên Lương - Quốc lộ 80 - Bến xe Tri Tôn,,,"Thành phố Rạch Giá, Tỉnh Kiên Giang"
295,T295,Trạm trước Cà phê Trung Nguyên Km168+500,,,,Quốc lộ 80,Bến xe Kiên Lương - Quốc lộ 80 - Bến xe Tri Tôn,,,"Thành phố Rạch Giá, Tỉnh Kiên Giang"
296,T296,Gần đối diện Km169,,,,Quốc lộ 80,Bến xe Kiên Lương - Quốc lộ 80 - Bến xe Tri Tôn,,,"Thành phố Rạch Giá, Tỉnh Kiên Giang"
297,T297,Gần đối diện Km170+500,,,,Quốc lộ 80,Bến xe Kiên Lương - Quốc lộ 80 - Bến xe Tri Tôn,,,"Thành phố Rạch Giá, Tỉnh Kiên Giang"
298,T298,Trạm trước Tiểu học Bình Giang 2 Điểm Ranh Hat,,,,Quốc lộ 80,Bến xe Kiên Lương - Quốc lộ 80 - Bến xe Tri Tôn,,,"Thành phố Rạch Giá, Tỉnh Kiên Giang"
299,T299,Gần đối diện Km171,,,,Quốc lộ 80,Bến xe Kiên Lương - Quốc lộ 80 - Bến xe Tri Tôn,,,"Thành phố Rạch Giá, Tỉnh Kiên Giang"
300,T300,Trạm trước cây xăng Hiệp Hưng,,,,Quốc lộ 80,Bến xe Kiên Lương - Quốc lộ 80 - Bến xe Tri Tôn,,,"Thành phố Rạch Giá, Tỉnh Kiên Giang"
301,T301,Gần đối diện Km172+200,,,,Quốc lộ 80,Bến xe Kiên Lương - Quốc lộ 80 - Bến xe Tri Tôn,,,"Thành phố Rạch Giá, Tỉnh Kiên Giang"
302,T302,Trạm trước Cà phê Hải đối diện Km172+500,,,,Quốc lộ 80,Bến xe Kiên Lương - Quốc lộ 80 - Bến xe Tri Tôn,,,"Thành phố Rạch Giá, Tỉnh Kiên Giang"
303,T303,Trạm trước Tiểu học Kiên Bình 1,,,,Quốc lộ 80,Bến xe Kiên Lương - Quốc lộ 80 - Bến xe Tri Tôn,,,"Thành phố Rạch Giá, Tỉnh Kiên Giang"
304,T304,Trạm trước Lò vôi Hai Thế,,,,Quốc lộ 80,Bến xe Kiên Lương - Quốc lộ 80 - Bến xe Tri Tôn,,,"Thành phố Rạch Giá, Tỉnh Kiên Giang"
305,T305,Đối diện Km173+400,,,,Quốc lộ 80,Bến xe Kiên Lương - Quốc lộ 80 - Bến xe Tri Tôn,,,"Thành phố Rạch Giá, Tỉnh Kiên Giang"
306,T306,Gần đối diện Km173+750,,,,Quốc lộ 80,Bến xe Kiên Lương - Quốc lộ 80 - Bến xe Tri Tôn,,,"Thành phố Rạch Giá, Tỉnh Kiên Giang"
307,T307,Gần đối diện Km174+250,,,,Quốc lộ 80,Bến xe Kiên Lương - Quốc lộ 80 - Bến xe Tri Tôn,,,"Thành phố Rạch Giá, Tỉnh Kiên Giang"
308,T308,Trạm trước cây xăng Hiệp Giang,,,,Quốc lộ 80,Bến xe Kiên Lương - Quốc lộ 80 - Bến xe Tri Tôn,,,"Thành phố Rạch Giá, Tỉnh Kiên Giang"
309,T309,Trạm trước UBND xã Kiên Bình,,,,Quốc lộ 80,Bến xe Kiên Lương - Quốc lộ 80 - Bến xe Tri Tôn,,,"Thành phố Rạch Giá, Tỉnh Kiên Giang"
310,T310,Trạm trước Tiệm cơm Thanh Thủy đối diện km175+450,,,,Quốc lộ 80,Bến xe Kiên Lương - Quốc lộ 80 - Bến xe Tri Tôn,,,"Thành phố Rạch Giá, Tỉnh Kiên Giang"
311,T311,Trạm gần đối diện Km176,,,,Quốc lộ 80,Bến xe Kiên Lương - Quốc lộ 80 - Bến xe Tri Tôn,,,"Thành phố Rạch Giá, Tỉnh Kiên Giang"
312,T312,Trạm trước Trường Tiểu học Kiên Bình 1,,,,Quốc lộ 80,Bến xe Kiên Lương - Quốc lộ 80 - Bến xe Tri Tôn,,,"Thành phố Rạch Giá, Tỉnh Kiên Giang"
313,T313,Đối diện Km176+800,,,,Quốc lộ 80,Bến xe Kiên Lương - Quốc lộ 80 - Bến xe Tri Tôn,,,"Thành phố Rạch Giá, Tỉnh Kiên Giang"
314,T314,Km177+400,,,,Quốc lộ 80,Bến xe Kiên Lương - Quốc lộ 80 - Bến xe Tri Tôn,,,"Thành phố Rạch Giá, Tỉnh Kiên Giang"
315,T315,Nhà chờ trước Trường Tiểu học Kiên Bình 1,,,,Quốc lộ 80,Bến xe Kiên Lương - Quốc lộ 80 - Bến xe Tri Tôn,,,"Thành phố Rạch Giá, Tỉnh Kiên Giang"
316,T316,Đối diện Km178,,,,Quốc lộ 80,Bến xe Kiên Lương - Quốc lộ 80 - Bến xe Tri Tôn,,,"Thành phố Rạch Giá, Tỉnh Kiên Giang"
317,T317,Trạm đối diện Km178+600,,,,Quốc lộ 80,Bến xe Kiên Lương - Quốc lộ 80 - Bến xe Tri Tôn,,,"Thành phố Rạch Giá, Tỉnh Kiên Giang"
318,T318,Trạm đối diện Km179+400,,,,Quốc lộ 80,Bến xe Kiên Lương - Quốc lộ 80 - Bến xe Tri Tôn,,,"Thành phố Rạch Giá, Tỉnh Kiên Giang"
319,T319,Trạm đối diện Km179+800,,,,Quốc lộ 80,Bến xe Kiên Lương - Quốc lộ 80 - Bến xe Tri Tôn,,,"Thành phố Rạch Giá, Tỉnh Kiên Giang"
320,T320,Trạm trước Trạm QL Đường sông Kiên Lương,,,,Quốc lộ 80,Bến xe Kiên Lương - Quốc lộ 80 - Bến xe Tri Tôn,,,"Thành phố Rạch Giá, Tỉnh Kiên Giang"
321,T321,Trạm gần Bưu điện Kiên Lương,,,,Quốc lộ 80,Bến xe Kiên Lương - Quốc lộ 80 - Bến xe Tri Tôn,,,"Thành phố Rạch Giá, Tỉnh Kiên Giang"
322,T322,Trước Xăng dầu số 2,,,,Quốc lộ 80,Bến xe Kiên Lương - Quốc lộ 80 - Bến xe Tri Tôn,,,"Thành phố Rạch Giá, Tỉnh Kiên Giang"
323,T323,Trạm trước UBND TT Kiên Lương,,,,Quốc lộ 80,Bến xe Kiên Lương - Quốc lộ 80 - Bến xe Tri Tôn,,,"Thành phố Rạch Giá, Tỉnh Kiên Giang"
44,T44,Km122,,,,Quốc lộ 80,Bến xe Rạch Giá - Nguyễn Bỉnh Khiêm - Quốc lộ 80 - Bến xe Tri Tôn,,,"Huyện Kiên Lương, Tỉnh Kiên Giang"
12,T12,Điểm dừng đón - trả khách - Điểm 01,Số nhà 49 đường 30/4,911,,30/4,Dương Đông - Suối Tranh - Dương Tơ,,,"Huyện Kiên Lương, Tỉnh Kiên Giang"
4,T4,Trạm xe buýt,"X4F5+F42, P. An Hoà, Rạch Giá, tỉnh Kiên Giang, Việt Nam",899,30748,,,105.1073404,9.974218578,"Huyện Kiên Lương, Tỉnh Kiên Giang"
11,T11,Trạm xe Buýt,"Nguyễn Trung Trực, P. An Hoà, Tp. Rạch Giá, tỉnh Kiên Giang, Việt Nam",899,30748,Nguyễn Trung Trực,,105.1078023,9.974107078,"Huyện Kiên Lương, Tỉnh Kiên Giang"
10,T10,Trạm xe Buýt,"Mạc Cửu, Vĩnh Thanh, Rạch Giá, tỉnh Kiên Giang, Việt Nam",899,30733,Mạc Cửu,,105.0858536,10.0155418,"Huyện Kiên Lương, Tỉnh Kiên Giang"
9,T9,Trạm xe buýt,"Mạc Cửu, Vĩnh Thông, Tp. Rạch Giá, tỉnh Kiên Giang, Việt Nam",899,30760,Mạc Cửu,,105.0849122,10.03499189,"Huyện Kiên Lương, Tỉnh Kiên Giang"
8,T8,Bến xe Rạch Sỏi,"168 Mai Thị Hồng Hạnh, Vĩnh Hoà Hiệp, Châu Thành, tỉnh Kiên Giang, Việt Nam",905,30892,Mai Thị Hồng Hạnh,,105.1287081,9.945203679,"Huyện Kiên Lương, Tỉnh Kiên Giang"
7,T7,Trạm xe buýt,"QL80, Mỹ Lâm, Hòn Đất",903,30844,QL80,,105.0733654,10.04986664,"Huyện Kiên Lương, Tỉnh Kiên Giang"
6,T6,Trạm xe buýt,"Mai Thị Hồng Hạnh, Vĩnh Hòa Hiệp, Châu Thành",905,30892,Mai Thị Hồng Hạnh,,105.1374085,9.932685722,"Huyện Kiên Lương, Tỉnh Kiên Giang"
2,T2,Trạm xe buýt Rạch Giá - Giồng Riềng,"Mai Thị Hồng Hạnh, Vĩnh Hoà Hiệp, Châu Thành",905,30892,Mai Thị Hồng Hạnh,,105.1350027,9.935042808,"Huyện Kiên Lương, Tỉnh Kiên Giang"
294,T294,Gần đối diện Km168,,,,Quốc lộ 80,Bến xe Kiên Lương - Quốc lộ 80 - Bến xe Tri Tôn,,,"Huyện Kiên Lương, Tỉnh Kiên Giang"
5,T5,Trạm xe buýt,"QL80, Mỹ Lâm, Hòn Đất",903,30844,QL80,,105.0631944,10.06303734,"Huyện Kiên Lương, Tỉnh Kiên Giang"
17,T17,Điểm dừng đón - trả khách - Điểm 06,"Gần Bưu điện An Thới, cột điện 475PQ/335/60 đường tỉnh 973",911,,Đường tỉnh 973,Dương Đông - Suối Tranh - Dương Tơ,,,"Huyện Kiên Lương, Tỉnh Kiên Giang"
16,T16,Điểm dừng đón - trả khách - Điểm 05,"Gần ngã ba đường vào Bãi Sao, cột điện 475PQ/278/55 đường tỉnh 973",911,,Đường tỉnh 973,Dương Đông - Suối Tranh - Dương Tơ,,,"Huyện Kiên Lương, Tỉnh Kiên Giang"
15,T15,Điểm dừng đón - trả khách - Điểm 04,"Gần ngã ba đường tỉnh 973 vào chùa Hộ Quốc, cột điện DVH/2/5 đường tỉnh 973",911,,Đường tỉnh 973,Dương Đông - Suối Tranh - Dương Tơ,,,"Huyện Kiên Lương, Tỉnh Kiên Giang"
14,T14,Điểm dừng đón - trả khách - Điểm 03,"Ngọc trai LongBeach, cột điện 474PQ/195 đường Trần Hưng Đạo (ngang cội nguồn)",911,,Trần Hưng Đạo,Dương Đông - Suối Tranh - Dương Tơ,,,"Huyện Kiên Lương, Tỉnh Kiên Giang"
13,T13,Điểm dừng đón - trả khách - Điểm 02,"Khách sạn Thiên Hải Sơn, cột điện 474PQ/145 đường Trần Hưng Đạo",911,,Trần Hưng Đạo,Dương Đông - Suối Tranh - Dương Tơ,,,"Huyện Kiên Lương, Tỉnh Kiên Giang"
23,T23,Điểm dừng đón - trả khách - Điểm 06,Số 221 đường Nguyễn Trung Trực (tiệm vàng Kim Thanh 2),911,,Nguyễn Trung Trực,Dương Tơ - Suối Tranh - Dương Đông,,,"Huyện Kiên Lương, Tỉnh Kiên Giang"
22,T22,Điểm dừng đón - trả khách - Điểm 05,"Gần trường PTTH Phú Quốc, đường Hùng Vương",911,,Hùng Vương,Dương Tơ - Suối Tranh - Dương Đông,,,"Huyện Kiên Lương, Tỉnh Kiên Giang"
21,T21,Điểm dừng đón - trả khách - Điểm 04,"Gần trường học Dương Đông, tại cột điện 474PQ/114 đường 30/4",911,,30/4,Dương Tơ - Suối Tranh - Dương Đông,,,"Huyện Kiên Lương, Tỉnh Kiên Giang"
3,T3,Bến xe Rạch Giá,"Vĩnh Thanh, Rạch Giá",899,30733,,,105.0830441,10.0187171,"Huyện Kiên Lương, Tỉnh Kiên Giang"
20,T20,Điểm dừng đón - trả khách - Điểm 03,"Ngã ba đường vào Sân bay Phú Quốc và đường tỉnh 973, tại cột điện 5-3P2/18 đường tỉnh 973",911,,Đường tỉnh 973,Dương Tơ - Suối Tranh - Dương Đông,,,"Huyện Kiên Lương, Tỉnh Kiên Giang"
19,T19,Điểm dừng đón - trả khách - Điểm 02,"Gần ngã ba đường tỉnh 973 vào chùa Hộ Quốc, cột điện 475PQ/296 đường tỉnh 973",911,,Đường tỉnh 973,Dương Tơ - Suối Tranh - Dương Đông,,,"Huyện Kiên Lương, Tỉnh Kiên Giang"
18,T18,Điểm dừng đón - trả khách - Điểm 01,"Gần trường THCS An Thới 2, cột điện 475PQ/328A đường tỉnh 973",911,,Đường tỉnh 973,Dương Tơ - Suối Tranh - Dương Đông,,,"Huyện Kiên Lương, Tỉnh Kiên Giang"
24,T24,Km14+050,Thị trấn Giồng Riềng,,,Quốc lộ 61,Ngã 3 Minh Lương - Quốc lộ 61 - Ngã 3 Bến Nhứt - Giồng Riềng,,,"Huyện Kiên Lương, Tỉnh Kiên Giang"
25,T25,Km14+450,Thị trấn Giồng Riềng,,,Quốc lộ 61,Ngã 3 Minh Lương - Quốc lộ 61 - Ngã 3 Bến Nhứt - Giồng Riềng,,,"Huyện Kiên Lương, Tỉnh Kiên Giang"
26,T26,Km14+850,Thị trấn Giồng Riềng,,,Quốc lộ 61,Ngã 3 Minh Lương - Quốc lộ 61 - Ngã 3 Bến Nhứt - Giồng Riềng,,,"Huyện Kiên Lương, Tỉnh Kiên Giang"
27,T27,Km15+300,Thị trấn Giồng Riềng,,,Quốc lộ 61,Ngã 3 Minh Lương - Quốc lộ 61 - Ngã 3 Bến Nhứt - Giồng Riềng,,,"Huyện Kiên Lương, Tỉnh Kiên Giang"
28,T28,Km15+500,Thị trấn Giồng Riềng,,,Quốc lộ 61,Ngã 3 Minh Lương - Quốc lộ 61 - Ngã 3 Bến Nhứt - Giồng Riềng,,,"Huyện Kiên Lương, Tỉnh Kiên Giang"
29,T29,Km16+250,Thị trấn Giồng Riềng,,,Quốc lộ 61,Ngã 3 Minh Lương - Quốc lộ 61 - Ngã 3 Bến Nhứt - Giồng Riềng,,,"Huyện Kiên Lương, Tỉnh Kiên Giang"
30,T30,Km17+100,Thị trấn Giồng Riềng,,,Quốc lộ 61,Ngã 3 Minh Lương - Quốc lộ 61 - Ngã 3 Bến Nhứt - Giồng Riềng,,,"Huyện Kiên Lương, Tỉnh Kiên Giang"
31,T31,Km17+800,Thị trấn Giồng Riềng,,,Quốc lộ 61,Ngã 3 Minh Lương - Quốc lộ 61 - Ngã 3 Bến Nhứt - Giồng Riềng,,,"Huyện Kiên Lương, Tỉnh Kiên Giang"
32,T32,Km18+300,Thị trấn Giồng Riềng,,,Quốc lộ 61,Ngã 3 Minh Lương - Quốc lộ 61 - Ngã 3 Bến Nhứt - Giồng Riềng,,,"Huyện Kiên Lương, Tỉnh Kiên Giang"
33,T33,Km19+300,Thị trấn Giồng Riềng,,,Quốc lộ 61,Ngã 3 Minh Lương - Quốc lộ 61 - Ngã 3 Bến Nhứt - Giồng Riềng,,,"Huyện Kiên Lương, Tỉnh Kiên Giang"
34,T34,Km19+800,Thị trấn Giồng Riềng,,,Quốc lộ 61,Ngã 3 Minh Lương - Quốc lộ 61 - Ngã 3 Bến Nhứt - Giồng Riềng,,,"Huyện Kiên Lương, Tỉnh Kiên Giang"
35,T35,Km20+00,Thị trấn Giồng Riềng,,,Quốc lộ 61,Ngã 3 Minh Lương - Quốc lộ 61 - Ngã 3 Bến Nhứt - Giồng Riềng,,,"Huyện Kiên Lương, Tỉnh Kiên Giang"
36,T36,Km20+900,Thị trấn Giồng Riềng,,,Quốc lộ 61,Ngã 3 Minh Lương - Quốc lộ 61 - Ngã 3 Bến Nhứt - Giồng Riềng,,,"Huyện Kiên Lương, Tỉnh Kiên Giang"
37,T37,Trạm đối diện Bưu điện huyện Giồng Riềng,Thị trấn Giồng Riềng,,,Quốc lộ 61,Ngã 3 Minh Lương - Quốc lộ 61 - Ngã 3 Bến Nhứt - Giồng Riềng,105.314692,9.909427,"Huyện Kiên Lương, Tỉnh Kiên Giang"
38,T38,Trạm đối diện Huyện ủy Giồng Riềng,Thị trấn Giồng Riềng,,,Quốc lộ 61,Ngã 3 Minh Lương - Quốc lộ 61 - Ngã 3 Bến Nhứt - Giồng Riềng,105.314939,9.909823,"Huyện Kiên Lương, Tỉnh Kiên Giang"
39,T39,Km0+250 Nguyễn Bỉnh Khiêm,,,,Nguyễn Bỉnh Khiêm,Bến xe Rạch Giá - Nguyễn Bỉnh Khiêm - Quốc lộ 80 - Bến xe Tri Tôn,,,"Huyện Kiên Lương, Tỉnh Kiên Giang"
40,T40,Km0+500 Nguyễn Bỉnh Khiêm,,,,Nguyễn Bỉnh Khiêm,Bến xe Rạch Giá - Nguyễn Bỉnh Khiêm - Quốc lộ 80 - Bến xe Tri Tôn,,,"Huyện Kiên Lương, Tỉnh Kiên Giang"
41,T41,Nhà chờ gần Cây xăng số 2,,,,Nguyễn Bỉnh Khiêm,Bến xe Rạch Giá - Nguyễn Bỉnh Khiêm - Quốc lộ 80 - Bến xe Tri Tôn,,,"Huyện Kiên Lương, Tỉnh Kiên Giang"
42,T42,"Km121+300, số 426",,,,Quốc lộ 80,Bến xe Rạch Giá - Nguyễn Bỉnh Khiêm - Quốc lộ 80 - Bến xe Tri Tôn,,,"Huyện Kiên Lương, Tỉnh Kiên Giang"
43,T43,"Km121+300, số 426",,,,Quốc lộ 80,Bến xe Rạch Giá - Nguyễn Bỉnh Khiêm - Quốc lộ 80 - Bến xe Tri Tôn,,,"Huyện Kiên Lương, Tỉnh Kiên Giang"
45,T45,Km122+200,,,,Quốc lộ 80,Bến xe Rạch Giá - Nguyễn Bỉnh Khiêm - Quốc lộ 80 - Bến xe Tri Tôn,,,"Huyện Kiên Lương, Tỉnh Kiên Giang"
46,T46,Km12+550 số 782,,,,Quốc lộ 80,Bến xe Rạch Giá - Nguyễn Bỉnh Khiêm - Quốc lộ 80 - Bến xe Tri Tôn,,,"Huyện Kiên Lương, Tỉnh Kiên Giang"
47,T47,Km12+850,,,,Quốc lộ 80,Bến xe Rạch Giá - Nguyễn Bỉnh Khiêm - Quốc lộ 80 - Bến xe Tri Tôn,,,"Huyện Kiên Lương, Tỉnh Kiên Giang"
48,T48,Gần km123+100,,,,Quốc lộ 80,Bến xe Rạch Giá - Nguyễn Bỉnh Khiêm - Quốc lộ 80 - Bến xe Tri Tôn,,,"Huyện Kiên Lương, Tỉnh Kiên Giang"
49,T49,Số 1044 gần Km123+450,,,,Quốc lộ 80,Bến xe Rạch Giá - Nguyễn Bỉnh Khiêm - Quốc lộ 80 - Bến xe Tri Tôn,,,"Huyện Kiên Lương, Tỉnh Kiên Giang"
50,T50,Trạm trước Phế liệu Phát Đạt số 1164,,,,Quốc lộ 80,Bến xe Rạch Giá - Nguyễn Bỉnh Khiêm - Quốc lộ 80 - Bến xe Tri Tôn,,,"Huyện Kiên Lương, Tỉnh Kiên Giang"
51,T51,Km123+750,,,,Quốc lộ 80,Bến xe Rạch Giá - Nguyễn Bỉnh Khiêm - Quốc lộ 80 - Bến xe Tri Tôn,,,"Huyện Kiên Lương, Tỉnh Kiên Giang"
52,T52,Km124+500,,,,Quốc lộ 80,Bến xe Rạch Giá - Nguyễn Bỉnh Khiêm - Quốc lộ 80 - Bến xe Tri Tôn,,,"Huyện Kiên Lương, Tỉnh Kiên Giang"
53,T53,Trạm trước Uốn tóc Như Thảo số 38,,,,Quốc lộ 80,Bến xe Rạch Giá - Nguyễn Bỉnh Khiêm - Quốc lộ 80 - Bến xe Tri Tôn,,,"Huyện Kiên Lương, Tỉnh Kiên Giang"
54,T54,Trạm gần Km125+150,,,,Quốc lộ 80,Bến xe Rạch Giá - Nguyễn Bỉnh Khiêm - Quốc lộ 80 - Bến xe Tri Tôn,,,"Huyện Kiên Lương, Tỉnh Kiên Giang"
55,T55,Km125+900,,,,Quốc lộ 80,Bến xe Rạch Giá - Nguyễn Bỉnh Khiêm - Quốc lộ 80 - Bến xe Tri Tôn,,,"Huyện Kiên Lương, Tỉnh Kiên Giang"
56,T56,Trạm trước Honda Thành Tâm gần Km126+400,,,,Quốc lộ 80,Bến xe Rạch Giá - Nguyễn Bỉnh Khiêm - Quốc lộ 80 - Bến xe Tri Tôn,,,"Huyện Kiên Lương, Tỉnh Kiên Giang"
57,T57,Nhà chờ Km126+900,,,,Quốc lộ 80,Bến xe Rạch Giá - Nguyễn Bỉnh Khiêm - Quốc lộ 80 - Bến xe Tri Tôn,,,"Huyện Kiên Lương, Tỉnh Kiên Giang"
58,T58,Trạm gần Km127+400,,,,Quốc lộ 80,Bến xe Rạch Giá - Nguyễn Bỉnh Khiêm - Quốc lộ 80 - Bến xe Tri Tôn,,,"Huyện Kiên Lương, Tỉnh Kiên Giang"
59,T59,Trạm gần Km128,,,,Quốc lộ 80,Bến xe Rạch Giá - Nguyễn Bỉnh Khiêm - Quốc lộ 80 - Bến xe Tri Tôn,,,"Huyện Kiên Lương, Tỉnh Kiên Giang"
60,T60,Km128+300,,,,Quốc lộ 80,Bến xe Rạch Giá - Nguyễn Bỉnh Khiêm - Quốc lộ 80 - Bến xe Tri Tôn,,,"Huyện Kiên Lương, Tỉnh Kiên Giang"
61,T61,Km128+950,,,,Quốc lộ 80,Bến xe Rạch Giá - Nguyễn Bỉnh Khiêm - Quốc lộ 80 - Bến xe Tri Tôn,,,"Huyện Kiên Lương, Tỉnh Kiên Giang"
62,T62,Trạm đối diện doanh trại quân đội gần Km129+500,,,,Quốc lộ 80,Bến xe Rạch Giá - Nguyễn Bỉnh Khiêm - Quốc lộ 80 - Bến xe Tri Tôn,,,"Huyện Kiên Lương, Tỉnh Kiên Giang"
63,T63,Km130,,,,Quốc lộ 80,Bến xe Rạch Giá - Nguyễn Bỉnh Khiêm - Quốc lộ 80 - Bến xe Tri Tôn,,,"Huyện Kiên Lương, Tỉnh Kiên Giang"
64,T64,Trạm đối diện Trường Trung học Mỹ Hưng,,,,Quốc lộ 80,Bến xe Rạch Giá - Nguyễn Bỉnh Khiêm - Quốc lộ 80 - Bến xe Tri Tôn,,,"Huyện Kiên Lương, Tỉnh Kiên Giang"
65,T65,Km130+800,,,,Quốc lộ 80,Bến xe Rạch Giá - Nguyễn Bỉnh Khiêm - Quốc lộ 80 - Bến xe Tri Tôn,,,"Huyện Kiên Lương, Tỉnh Kiên Giang"
66,T66,Km131+500,,,,Quốc lộ 80,Bến xe Rạch Giá - Nguyễn Bỉnh Khiêm - Quốc lộ 80 - Bến xe Tri Tôn,,,"Huyện Kiên Lương, Tỉnh Kiên Giang"
67,T67,Km131+900,,,,Quốc lộ 80,Bến xe Rạch Giá - Nguyễn Bỉnh Khiêm - Quốc lộ 80 - Bến xe Tri Tôn,,,"Huyện Kiên Lương, Tỉnh Kiên Giang"
68,T68,Trạm đối diện gần Km132+500,,,,Quốc lộ 80,Bến xe Rạch Giá - Nguyễn Bỉnh Khiêm - Quốc lộ 80 - Bến xe Tri Tôn,,,"Huyện Kiên Lương, Tỉnh Kiên Giang"
69,T69,Trạm gần Km133,,,,Quốc lộ 80,Bến xe Rạch Giá - Nguyễn Bỉnh Khiêm - Quốc lộ 80 - Bến xe Tri Tôn,,,"Huyện Kiên Lương, Tỉnh Kiên Giang"
70,T70,Trạm gần Km133+600 Kho Hải Sơn,,,,Quốc lộ 80,Bến xe Rạch Giá - Nguyễn Bỉnh Khiêm - Quốc lộ 80 - Bến xe Tri Tôn,,,"Huyện Kiên Lương, Tỉnh Kiên Giang"
71,T71,Km134,,,,Quốc lộ 80,Bến xe Rạch Giá - Nguyễn Bỉnh Khiêm - Quốc lộ 80 - Bến xe Tri Tôn,,,"Huyện Kiên Lương, Tỉnh Kiên Giang"
72,T72,Trạm gần Km133+500,,,,Quốc lộ 80,Bến xe Rạch Giá - Nguyễn Bỉnh Khiêm - Quốc lộ 80 - Bến xe Tri Tôn,,,"Huyện Kiên Lương, Tỉnh Kiên Giang"
73,T73,Nhà chờ trước Bưu điện Sóc Xoài,,,,Quốc lộ 80,Bến xe Rạch Giá - Nguyễn Bỉnh Khiêm - Quốc lộ 80 - Bến xe Tri Tôn,,,"Huyện Kiên Lương, Tỉnh Kiên Giang"
74,T74,Trạm gần Km135+650 Honda Bảy Xem,,,,Quốc lộ 80,Bến xe Rạch Giá - Nguyễn Bỉnh Khiêm - Quốc lộ 80 - Bến xe Tri Tôn,,,"Huyện Kiên Lương, Tỉnh Kiên Giang"
75,T75,Trạm gần Km135+850,,,,Quốc lộ 80,Bến xe Rạch Giá - Nguyễn Bỉnh Khiêm - Quốc lộ 80 - Bến xe Tri Tôn,,,"Huyện Kiên Lương, Tỉnh Kiên Giang"
76,T76,Km14+00,Thị trấn Giồng Riềng,,,Quốc lộ 61,Giồng Riềng - Ngã 3 Bến Nhứt - Quốc lộ 61 - Ngã 3 Minh Lương,,,"Huyện Kiên Lương, Tỉnh Kiên Giang"
77,T77,Km14+400,,,,Quốc lộ 61,Giồng Riềng - Ngã 3 Bến Nhứt - Quốc lộ 61 - Ngã 3 Minh Lương,,,"Huyện Kiên Lương, Tỉnh Kiên Giang"
78,T78,Km14+750,,,,Quốc lộ 61,Giồng Riềng - Ngã 3 Bến Nhứt - Quốc lộ 61 - Ngã 3 Minh Lương,,,"Huyện Kiên Lương, Tỉnh Kiên Giang"
79,T79,Km15+350,,,,Quốc lộ 61,Giồng Riềng - Ngã 3 Bến Nhứt - Quốc lộ 61 - Ngã 3 Minh Lương,,,"Huyện Kiên Lương, Tỉnh Kiên Giang"
80,T80,Km15+550,,,,Quốc lộ 61,Giồng Riềng - Ngã 3 Bến Nhứt - Quốc lộ 61 - Ngã 3 Minh Lương,,,"Huyện Kiên Lương, Tỉnh Kiên Giang"
81,T81,Km16+300,,,,Quốc lộ 61,Giồng Riềng - Ngã 3 Bến Nhứt - Quốc lộ 61 - Ngã 3 Minh Lương,,,"Huyện Kiên Lương, Tỉnh Kiên Giang"
82,T82,Km17+200,,,,Quốc lộ 61,Giồng Riềng - Ngã 3 Bến Nhứt - Quốc lộ 61 - Ngã 3 Minh Lương,,,"Huyện Kiên Lương, Tỉnh Kiên Giang"
83,T83,Km17+850,,,,Quốc lộ 61,Giồng Riềng - Ngã 3 Bến Nhứt - Quốc lộ 61 - Ngã 3 Minh Lương,,,"Huyện Kiên Lương, Tỉnh Kiên Giang"
84,T84,Km18+400,,,,Quốc lộ 61,Giồng Riềng - Ngã 3 Bến Nhứt - Quốc lộ 61 - Ngã 3 Minh Lương,,,"Huyện Kiên Lương, Tỉnh Kiên Giang"
85,T85,Km19+250,,,,Quốc lộ 61,Giồng Riềng - Ngã 3 Bến Nhứt - Quốc lộ 61 - Ngã 3 Minh Lương,,,"Huyện Kiên Lương, Tỉnh Kiên Giang"
86,T86,Km19+700,,,,Quốc lộ 61,Giồng Riềng - Ngã 3 Bến Nhứt - Quốc lộ 61 - Ngã 3 Minh Lương,,,"Huyện Kiên Lương, Tỉnh Kiên Giang"
87,T87,Km20+200,,,,Quốc lộ 61,Giồng Riềng - Ngã 3 Bến Nhứt - Quốc lộ 61 - Ngã 3 Minh Lương,,,"Huyện Kiên Lương, Tỉnh Kiên Giang"
88,T88,Km20+500,,,,Quốc lộ 61,Giồng Riềng - Ngã 3 Bến Nhứt - Quốc lộ 61 - Ngã 3 Minh Lương,,,"Huyện Kiên Lương, Tỉnh Kiên Giang"
89,T89,Km20+850,,,,Quốc lộ 61,Giồng Riềng - Ngã 3 Bến Nhứt - Quốc lộ 61 - Ngã 3 Minh Lương,,,"Huyện Kiên Lương, Tỉnh Kiên Giang"
90,T90,Bến xe Km21+200,,,,Quốc lộ 61,Giồng Riềng - Ngã 3 Bến Nhứt - Quốc lộ 61 - Ngã 3 Minh Lương,,,"Huyện Kiên Lương, Tỉnh Kiên Giang"
91,T91,Trạm gần Bưu điện huyện Giồng Riềng,,,,Quốc lộ 61,Giồng Riềng - Ngã 3 Bến Nhứt - Quốc lộ 61 - Ngã 3 Minh Lương,105.314408,9.909115,"Huyện Kiên Lương, Tỉnh Kiên Giang"
92,T92,Trạm gần Huyện ủy Giồng Riềng,,,,Quốc lộ 61,Giồng Riềng - Ngã 3 Bến Nhứt - Quốc lộ 61 - Ngã 3 Minh Lương,105.314735,9.909739,"Huyện Kiên Lương, Tỉnh Kiên Giang"
93,T93,Km0+200 Nguyễn Bỉnh Khiêm,,,,Nguyễn Bỉnh Khiêm,Bến xe Tri Tôn - Quốc lộ 80 - Nguyễn Bỉnh Khiêm - Bến xe Rạch Giá,,,"Huyện Kiên Lương, Tỉnh Kiên Giang"
94,T94,Km0+530 Nguyễn Bỉnh Khiêm,,,,Nguyễn Bỉnh Khiêm,Bến xe Tri Tôn - Quốc lộ 80 - Nguyễn Bỉnh Khiêm - Bến xe Rạch Giá,,,"Huyện Kiên Lương, Tỉnh Kiên Giang"
95,T95,Km0+800 Nguyễn Bỉnh Khiêm,,,,Nguyễn Bỉnh Khiêm,Bến xe Tri Tôn - Quốc lộ 80 - Nguyễn Bỉnh Khiêm - Bến xe Rạch Giá,,,"Huyện Kiên Lương, Tỉnh Kiên Giang"
96,T96,Km121+300,,,,Quốc lộ 80,Bến xe Tri Tôn - Quốc lộ 80 - Nguyễn Bỉnh Khiêm - Bến xe Rạch Giá,,,"Huyện Kiên Lương, Tỉnh Kiên Giang"
97,T97,"Km121+500, số 549A",,,,Quốc lộ 80,Bến xe Tri Tôn - Quốc lộ 80 - Nguyễn Bỉnh Khiêm - Bến xe Rạch Giá,,,"Huyện Kiên Lương, Tỉnh Kiên Giang"
98,T98,Cây xăng Kim Linh,,,,Quốc lộ 80,Bến xe Tri Tôn - Quốc lộ 80 - Nguyễn Bỉnh Khiêm - Bến xe Rạch Giá,,,"Huyện Kiên Lương, Tỉnh Kiên Giang"
99,T99,Số 687 gần Tạp hóa Khánh Dũng,,,,Quốc lộ 80,Bến xe Tri Tôn - Quốc lộ 80 - Nguyễn Bỉnh Khiêm - Bến xe Rạch Giá,,,"Huyện Kiên Lương, Tỉnh Kiên Giang"
100,T100,Nhà chờ trước Trường học Nguyễn Thái Bình,,,,Quốc lộ 80,Bến xe Tri Tôn - Quốc lộ 80 - Nguyễn Bỉnh Khiêm - Bến xe Rạch Giá,,,"Huyện Kiên Lương, Tỉnh Kiên Giang"
101,T101,Trạm trước doanh trại quân đội đối diện Km12+850,,,,Quốc lộ 80,Bến xe Tri Tôn - Quốc lộ 80 - Nguyễn Bỉnh Khiêm - Bến xe Rạch Giá,,,"Huyện Kiên Lương, Tỉnh Kiên Giang"
102,T102,Số 853,,,,Quốc lộ 80,Bến xe Tri Tôn - Quốc lộ 80 - Nguyễn Bỉnh Khiêm - Bến xe Rạch Giá,,,"Huyện Kiên Lương, Tỉnh Kiên Giang"
103,T103,Trạm trước khu vực nghĩa trang liệt sĩ đối diện Km 123+450,,,,Quốc lộ 80,Bến xe Tri Tôn - Quốc lộ 80 - Nguyễn Bỉnh Khiêm - Bến xe Rạch Giá,,,"Huyện Kiên Lương, Tỉnh Kiên Giang"
104,T104,Nhà chờ trước Tiểu học Nguyễn Thái Bình,,,,Quốc lộ 80,Bến xe Tri Tôn - Quốc lộ 80 - Nguyễn Bỉnh Khiêm - Bến xe Rạch Giá,,,"Huyện Kiên Lương, Tỉnh Kiên Giang"
105,T105,Trạm trước nhà trọ Phương Trang đối diện Km123+750,,,,Quốc lộ 80,Bến xe Tri Tôn - Quốc lộ 80 - Nguyễn Bỉnh Khiêm - Bến xe Rạch Giá,,,"Huyện Kiên Lương, Tỉnh Kiên Giang"
106,T106,Trạm gần đối diện Km124,,,,Quốc lộ 80,Bến xe Tri Tôn - Quốc lộ 80 - Nguyễn Bỉnh Khiêm - Bến xe Rạch Giá,,,"Huyện Kiên Lương, Tỉnh Kiên Giang"
107,T107,Nhà chờ trước Tiểu học Mỹ Lâm,,,,Quốc lộ 80,Bến xe Tri Tôn - Quốc lộ 80 - Nguyễn Bỉnh Khiêm - Bến xe Rạch Giá,,,"Huyện Kiên Lương, Tỉnh Kiên Giang"
108,T108,Trạm gần Công ty TNHH Phương Linh số 145,,,,Quốc lộ 80,Bến xe Tri Tôn - Quốc lộ 80 - Nguyễn Bỉnh Khiêm - Bến xe Rạch Giá,,,"Huyện Kiên Lương, Tỉnh Kiên Giang"
109,T109,Trạm gần đối diện Km126,,,,Quốc lộ 80,Bến xe Tri Tôn - Quốc lộ 80 - Nguyễn Bỉnh Khiêm - Bến xe Rạch Giá,,,"Huyện Kiên Lương, Tỉnh Kiên Giang"
110,T110,Nhà chờ trước Trường TH Mỹ Lâm,,,,Quốc lộ 80,Bến xe Tri Tôn - Quốc lộ 80 - Nguyễn Bỉnh Khiêm - Bến xe Rạch Giá,,,"Huyện Kiên Lương, Tỉnh Kiên Giang"
111,T111,Trạm trước Áo cưới Kiều Nhi đối diện Km126+900,,,,Quốc lộ 80,Bến xe Tri Tôn - Quốc lộ 80 - Nguyễn Bỉnh Khiêm - Bến xe Rạch Giá,,,"Huyện Kiên Lương, Tỉnh Kiên Giang"
112,T112,Trạm trước UBND xã Mỹ Lâm,,,,Quốc lộ 80,Bến xe Tri Tôn - Quốc lộ 80 - Nguyễn Bỉnh Khiêm - Bến xe Rạch Giá,,,"Huyện Kiên Lương, Tỉnh Kiên Giang"
113,T113,Trạm đối diện Km127+900,,,,Quốc lộ 80,Bến xe Tri Tôn - Quốc lộ 80 - Nguyễn Bỉnh Khiêm - Bến xe Rạch Giá,,,"Huyện Kiên Lương, Tỉnh Kiên Giang"
114,T114,Trạm gần Cống Thầy Xếp,,,,Quốc lộ 80,Bến xe Tri Tôn - Quốc lộ 80 - Nguyễn Bỉnh Khiêm - Bến xe Rạch Giá,,,"Huyện Kiên Lương, Tỉnh Kiên Giang"
115,T115,Trạm gần km128+600,,,,Quốc lộ 80,Bến xe Tri Tôn - Quốc lộ 80 - Nguyễn Bỉnh Khiêm - Bến xe Rạch Giá,,,"Huyện Kiên Lương, Tỉnh Kiên Giang"
116,T116,Trạm gần Trường tình thương Mỹ Lâm,,,,Quốc lộ 80,Bến xe Tri Tôn - Quốc lộ 80 - Nguyễn Bỉnh Khiêm - Bến xe Rạch Giá,,,"Huyện Kiên Lương, Tỉnh Kiên Giang"
117,T117,Trạm gần Cống số 3 Km 129+903,,,,Quốc lộ 80,Bến xe Tri Tôn - Quốc lộ 80 - Nguyễn Bỉnh Khiêm - Bến xe Rạch Giá,,,"Huyện Kiên Lương, Tỉnh Kiên Giang"
118,T118,Trạm trước Tạp hóa BÌnh Bền gần đối diện Km130,,,,Quốc lộ 80,Bến xe Tri Tôn - Quốc lộ 80 - Nguyễn Bỉnh Khiêm - Bến xe Rạch Giá,,,"Huyện Kiên Lương, Tỉnh Kiên Giang"
200,T200,Km170+500,,,,Quốc lộ 80,Bến xe Tri Tôn - Quốc lộ 80 - Bến xe Kiên Lương,,,"Huyện Kiên Lương, Tỉnh Kiên Giang"
119,T119,Nhà chờ trước Trường Trung học Mỹ Hưng,,,,Quốc lộ 80,Bến xe Tri Tôn - Quốc lộ 80 - Nguyễn Bỉnh Khiêm - Bến xe Rạch Giá,,,"Huyện Kiên Lương, Tỉnh Kiên Giang"
120,T120,Trạm gần đối diện Km131,,,,Quốc lộ 80,Bến xe Tri Tôn - Quốc lộ 80 - Nguyễn Bỉnh Khiêm - Bến xe Rạch Giá,,,"Huyện Kiên Lương, Tỉnh Kiên Giang"
121,T121,Trạm trước Khu xí nghiệp 536,,,,Quốc lộ 80,Bến xe Tri Tôn - Quốc lộ 80 - Nguyễn Bỉnh Khiêm - Bến xe Rạch Giá,,,"Huyện Kiên Lương, Tỉnh Kiên Giang"
122,T122,Trạm trước Sản xuất nước đá Tư Hưng gần Km132,,,,Quốc lộ 80,Bến xe Tri Tôn - Quốc lộ 80 - Nguyễn Bỉnh Khiêm - Bến xe Rạch Giá,,,"Huyện Kiên Lương, Tỉnh Kiên Giang"
123,T123,Trạm gần Km132+500,,,,Quốc lộ 80,Bến xe Tri Tôn - Quốc lộ 80 - Nguyễn Bỉnh Khiêm - Bến xe Rạch Giá,,,"Huyện Kiên Lương, Tỉnh Kiên Giang"
124,T124,Trạm đối diện gần Km133,,,,Quốc lộ 80,Bến xe Tri Tôn - Quốc lộ 80 - Nguyễn Bỉnh Khiêm - Bến xe Rạch Giá,,,"Huyện Kiên Lương, Tỉnh Kiên Giang"
125,T125,Trạm đối diện Km133+600,,,,Quốc lộ 80,Bến xe Tri Tôn - Quốc lộ 80 - Nguyễn Bỉnh Khiêm - Bến xe Rạch Giá,,,"Huyện Kiên Lương, Tỉnh Kiên Giang"
126,T126,Trạm đối diện gần Km134 Honda Chiến,,,,Quốc lộ 80,Bến xe Tri Tôn - Quốc lộ 80 - Nguyễn Bỉnh Khiêm - Bến xe Rạch Giá,,,"Huyện Kiên Lương, Tỉnh Kiên Giang"
127,T127,Trạm đối diện Km133+500,,,,Quốc lộ 80,Bến xe Tri Tôn - Quốc lộ 80 - Nguyễn Bỉnh Khiêm - Bến xe Rạch Giá,,,"Huyện Kiên Lương, Tỉnh Kiên Giang"
128,T128,Nhà chờ đối diện UBND Xã Sóc Sơn,,,,Quốc lộ 80,Bến xe Tri Tôn - Quốc lộ 80 - Nguyễn Bỉnh Khiêm - Bến xe Rạch Giá,,,"Huyện Kiên Lương, Tỉnh Kiên Giang"
129,T129,Trạm đối diện gần Km135+650,,,,Quốc lộ 80,Bến xe Tri Tôn - Quốc lộ 80 - Nguyễn Bỉnh Khiêm - Bến xe Rạch Giá,,,"Huyện Kiên Lương, Tỉnh Kiên Giang"
130,T130,Nhà chờ trước Tiểu học TT Sóc Sơn,,,,Quốc lộ 80,Bến xe Tri Tôn - Quốc lộ 80 - Nguyễn Bỉnh Khiêm - Bến xe Rạch Giá,,,"Huyện Kiên Lương, Tỉnh Kiên Giang"
131,T131,Trạm đối diện Km136+200 tạp hóa Minh Trí,,,,Quốc lộ 80,Bến xe Rạch Giá - Nguyễn Bỉnh Khiêm - Quốc lộ 80 - Bến xe Tri Tôn,,,"Huyện Kiên Lương, Tỉnh Kiên Giang"
132,T132,Trạm đối diện Km136+400,,,,Quốc lộ 80,Bến xe Rạch Giá - Nguyễn Bỉnh Khiêm - Quốc lộ 80 - Bến xe Tri Tôn,,,"Huyện Kiên Lương, Tỉnh Kiên Giang"
133,T133,Trạm gần Km136+900,,,,Quốc lộ 80,Bến xe Rạch Giá - Nguyễn Bỉnh Khiêm - Quốc lộ 80 - Bến xe Tri Tôn,,,"Huyện Kiên Lương, Tỉnh Kiên Giang"
134,T134,Trạm đối diện Km137+500,,,,Quốc lộ 80,Bến xe Rạch Giá - Nguyễn Bỉnh Khiêm - Quốc lộ 80 - Bến xe Tri Tôn,,,"Huyện Kiên Lương, Tỉnh Kiên Giang"
135,T135,Trạm đối diện Trường TH Sơn Kiên,,,,Quốc lộ 80,Bến xe Rạch Giá - Nguyễn Bỉnh Khiêm - Quốc lộ 80 - Bến xe Tri Tôn,,,"Huyện Kiên Lương, Tỉnh Kiên Giang"
136,T136,Trạm gần Km138+700,,,,Quốc lộ 80,Bến xe Rạch Giá - Nguyễn Bỉnh Khiêm - Quốc lộ 80 - Bến xe Tri Tôn,,,"Huyện Kiên Lương, Tỉnh Kiên Giang"
137,T137,Trạm trước Cà phê Quỳnh Nga Km139,,,,Quốc lộ 80,Bến xe Rạch Giá - Nguyễn Bỉnh Khiêm - Quốc lộ 80 - Bến xe Tri Tôn,,,"Huyện Kiên Lương, Tỉnh Kiên Giang"
138,T138,Trạm gần Km139+400,,,,Quốc lộ 80,Bến xe Rạch Giá - Nguyễn Bỉnh Khiêm - Quốc lộ 80 - Bến xe Tri Tôn,,,"Huyện Kiên Lương, Tỉnh Kiên Giang"
139,T139,Km140,,,,Quốc lộ 80,Bến xe Rạch Giá - Nguyễn Bỉnh Khiêm - Quốc lộ 80 - Bến xe Tri Tôn,,,"Huyện Kiên Lương, Tỉnh Kiên Giang"
140,T140,Km140+350,,,,Quốc lộ 80,Bến xe Rạch Giá - Nguyễn Bỉnh Khiêm - Quốc lộ 80 - Bến xe Tri Tôn,,,"Huyện Kiên Lương, Tỉnh Kiên Giang"
141,T141,Km141,,,,Quốc lộ 80,Bến xe Rạch Giá - Nguyễn Bỉnh Khiêm - Quốc lộ 80 - Bến xe Tri Tôn,,,"Huyện Kiên Lương, Tỉnh Kiên Giang"
142,T142,Trạm gần Km141+500 Phân bón Vạn Lợi,,,,Quốc lộ 80,Bến xe Rạch Giá - Nguyễn Bỉnh Khiêm - Quốc lộ 80 - Bến xe Tri Tôn,,,"Huyện Kiên Lương, Tỉnh Kiên Giang"
143,T143,Trạm gần Km142,,,,Quốc lộ 80,Bến xe Rạch Giá - Nguyễn Bỉnh Khiêm - Quốc lộ 80 - Bến xe Tri Tôn,,,"Huyện Kiên Lương, Tỉnh Kiên Giang"
144,T144,Trạm gần Km142+500,,,,Quốc lộ 80,Bến xe Rạch Giá - Nguyễn Bỉnh Khiêm - Quốc lộ 80 - Bến xe Tri Tôn,,,"Huyện Kiên Lương, Tỉnh Kiên Giang"
145,T145,Km143,,,,Quốc lộ 80,Bến xe Rạch Giá - Nguyễn Bỉnh Khiêm - Quốc lộ 80 - Bến xe Tri Tôn,,,"Huyện Kiên Lương, Tỉnh Kiên Giang"
146,T146,Trạm đối diện gần Km143+500,,,,Quốc lộ 80,Bến xe Rạch Giá - Nguyễn Bỉnh Khiêm - Quốc lộ 80 - Bến xe Tri Tôn,,,"Huyện Kiên Lương, Tỉnh Kiên Giang"
147,T147,Trạm đối diện Km143+700,,,,Quốc lộ 80,Bến xe Rạch Giá - Nguyễn Bỉnh Khiêm - Quốc lộ 80 - Bến xe Tri Tôn,,,"Huyện Kiên Lương, Tỉnh Kiên Giang"
148,T148,Trạm gần đối diện Km144+200,,,,Quốc lộ 80,Bến xe Rạch Giá - Nguyễn Bỉnh Khiêm - Quốc lộ 80 - Bến xe Tri Tôn,,,"Huyện Kiên Lương, Tỉnh Kiên Giang"
149,T149,Trạm đối diện Nghĩa trang Hòn Đất,,,,Quốc lộ 80,Bến xe Rạch Giá - Nguyễn Bỉnh Khiêm - Quốc lộ 80 - Bến xe Tri Tôn,,,"Huyện Kiên Lương, Tỉnh Kiên Giang"
150,T150,Trạm gần Km145,,,,Quốc lộ 80,Bến xe Rạch Giá - Nguyễn Bỉnh Khiêm - Quốc lộ 80 - Bến xe Tri Tôn,,,"Huyện Kiên Lương, Tỉnh Kiên Giang"
151,T151,Trạm trước Honda Diệp Bình Km45+500,,,,Quốc lộ 80,Bến xe Rạch Giá - Nguyễn Bỉnh Khiêm - Quốc lộ 80 - Bến xe Tri Tôn,,,"Huyện Kiên Lương, Tỉnh Kiên Giang"
152,T152,Nhà chờ gần Km145+800,,,,Quốc lộ 80,Bến xe Rạch Giá - Nguyễn Bỉnh Khiêm - Quốc lộ 80 - Bến xe Tri Tôn,,,"Huyện Kiên Lương, Tỉnh Kiên Giang"
153,T153,Km146,,,,Quốc lộ 80,Bến xe Rạch Giá - Nguyễn Bỉnh Khiêm - Quốc lộ 80 - Bến xe Tri Tôn,,,"Huyện Kiên Lương, Tỉnh Kiên Giang"
154,T154,Km146+500,,,,Quốc lộ 80,Bến xe Rạch Giá - Nguyễn Bỉnh Khiêm - Quốc lộ 80 - Bến xe Tri Tôn,,,"Huyện Kiên Lương, Tỉnh Kiên Giang"
155,T155,Km146+800,,,,Quốc lộ 80,Bến xe Rạch Giá - Nguyễn Bỉnh Khiêm - Quốc lộ 80 - Bến xe Tri Tôn,,,"Huyện Kiên Lương, Tỉnh Kiên Giang"
156,T156,Trạm trước Tiệm sắt Thuận Hòa Km 148+200,,,,Quốc lộ 80,Bến xe Tri Tôn - Quốc lộ 80 - Bến xe Kiên Lương,,,"Huyện Kiên Lương, Tỉnh Kiên Giang"
157,T157,Trạm gần Km148+650,,,,Quốc lộ 80,Bến xe Tri Tôn - Quốc lộ 80 - Bến xe Kiên Lương,,,"Huyện Kiên Lương, Tỉnh Kiên Giang"
158,T158,Km149+200,,,,Quốc lộ 80,Bến xe Tri Tôn - Quốc lộ 80 - Bến xe Kiên Lương,,,"Huyện Kiên Lương, Tỉnh Kiên Giang"
159,T159,Km149+600,,,,Quốc lộ 80,Bến xe Tri Tôn - Quốc lộ 80 - Bến xe Kiên Lương,,,"Huyện Kiên Lương, Tỉnh Kiên Giang"
160,T160,Km150+300,,,,Quốc lộ 80,Bến xe Tri Tôn - Quốc lộ 80 - Bến xe Kiên Lương,,,"Huyện Kiên Lương, Tỉnh Kiên Giang"
161,T161,Km150+700,,,,Quốc lộ 80,Bến xe Tri Tôn - Quốc lộ 80 - Bến xe Kiên Lương,,,"Huyện Kiên Lương, Tỉnh Kiên Giang"
162,T162,Km151+400,,,,Quốc lộ 80,Bến xe Tri Tôn - Quốc lộ 80 - Bến xe Kiên Lương,,,"Huyện Kiên Lương, Tỉnh Kiên Giang"
163,T163,Km151+700,,,,Quốc lộ 80,Bến xe Tri Tôn - Quốc lộ 80 - Bến xe Kiên Lương,,,"Huyện Kiên Lương, Tỉnh Kiên Giang"
164,T164,Km152,,,,Quốc lộ 80,Bến xe Tri Tôn - Quốc lộ 80 - Bến xe Kiên Lương,,,"Huyện Kiên Lương, Tỉnh Kiên Giang"
165,T165,Km152+500,,,,Quốc lộ 80,Bến xe Tri Tôn - Quốc lộ 80 - Bến xe Kiên Lương,,,"Huyện Kiên Lương, Tỉnh Kiên Giang"
166,T166,Km153,,,,Quốc lộ 80,Bến xe Tri Tôn - Quốc lộ 80 - Bến xe Kiên Lương,,,"Huyện Kiên Lương, Tỉnh Kiên Giang"
167,T167,Km153+500,,,,Quốc lộ 80,Bến xe Tri Tôn - Quốc lộ 80 - Bến xe Kiên Lương,,,"Huyện Kiên Lương, Tỉnh Kiên Giang"
168,T168,Km153+950,,,,Quốc lộ 80,Bến xe Tri Tôn - Quốc lộ 80 - Bến xe Kiên Lương,,,"Huyện Kiên Lương, Tỉnh Kiên Giang"
169,T169,Km154+300,,,,Quốc lộ 80,Bến xe Tri Tôn - Quốc lộ 80 - Bến xe Kiên Lương,,,"Huyện Kiên Lương, Tỉnh Kiên Giang"
170,T170,Km154+500,,,,Quốc lộ 80,Bến xe Tri Tôn - Quốc lộ 80 - Bến xe Kiên Lương,,,"Huyện Kiên Lương, Tỉnh Kiên Giang"
171,T171,Km155,,,,Quốc lộ 80,Bến xe Tri Tôn - Quốc lộ 80 - Bến xe Kiên Lương,,,"Huyện Kiên Lương, Tỉnh Kiên Giang"
172,T172,Km155+500,,,,Quốc lộ 80,Bến xe Tri Tôn - Quốc lộ 80 - Bến xe Kiên Lương,,,"Huyện Kiên Lương, Tỉnh Kiên Giang"
173,T173,Trạm đối diện Tiểu học Bình Sơn 3,,,,Quốc lộ 80,Bến xe Tri Tôn - Quốc lộ 80 - Bến xe Kiên Lương,,,"Huyện Kiên Lương, Tỉnh Kiên Giang"
174,T174,Km156+400,,,,Quốc lộ 80,Bến xe Tri Tôn - Quốc lộ 80 - Bến xe Kiên Lương,,,"Huyện Kiên Lương, Tỉnh Kiên Giang"
175,T175,Trạm đối diện Km156+800,,,,Quốc lộ 80,Bến xe Tri Tôn - Quốc lộ 80 - Bến xe Kiên Lương,,,"Huyện Kiên Lương, Tỉnh Kiên Giang"
176,T176,Km157+400,,,,Quốc lộ 80,Bến xe Tri Tôn - Quốc lộ 80 - Bến xe Kiên Lương,,,"Huyện Kiên Lương, Tỉnh Kiên Giang"
177,T177,Trạm gần Km158,,,,Quốc lộ 80,Bến xe Tri Tôn - Quốc lộ 80 - Bến xe Kiên Lương,,,"Huyện Kiên Lương, Tỉnh Kiên Giang"
178,T178,Trạm gần đối diện Km158+500,,,,Quốc lộ 80,Bến xe Tri Tôn - Quốc lộ 80 - Bến xe Kiên Lương,,,"Huyện Kiên Lương, Tỉnh Kiên Giang"
179,T179,Trạm gần Km159,,,,Quốc lộ 80,Bến xe Tri Tôn - Quốc lộ 80 - Bến xe Kiên Lương,,,"Huyện Kiên Lương, Tỉnh Kiên Giang"
180,T180,Trạm gần Km159+500,,,,Quốc lộ 80,Bến xe Tri Tôn - Quốc lộ 80 - Bến xe Kiên Lương,,,"Huyện Kiên Lương, Tỉnh Kiên Giang"
181,T181,Trạm gần Km160,,,,Quốc lộ 80,Bến xe Tri Tôn - Quốc lộ 80 - Bến xe Kiên Lương,,,"Huyện Kiên Lương, Tỉnh Kiên Giang"
182,T182,Trạm gần Km160+500,,,,Quốc lộ 80,Bến xe Tri Tôn - Quốc lộ 80 - Bến xe Kiên Lương,,,"Huyện Kiên Lương, Tỉnh Kiên Giang"
183,T183,Trạm gần Km161,,,,Quốc lộ 80,Bến xe Tri Tôn - Quốc lộ 80 - Bến xe Kiên Lương,,,"Huyện Kiên Lương, Tỉnh Kiên Giang"
184,T184,Trạm trước Cà phê Nga khu vực chợ Vàm Rẫy,,,,Quốc lộ 80,Bến xe Tri Tôn - Quốc lộ 80 - Bến xe Kiên Lương,,,"Huyện Kiên Lương, Tỉnh Kiên Giang"
185,T185,Trạm trước VLXD Phước Chung,,,,Quốc lộ 80,Bến xe Tri Tôn - Quốc lộ 80 - Bến xe Kiên Lương,,,"Huyện Kiên Lương, Tỉnh Kiên Giang"
186,T186,Km162+600,,,,Quốc lộ 80,Bến xe Tri Tôn - Quốc lộ 80 - Bến xe Kiên Lương,,,"Huyện Kiên Lương, Tỉnh Kiên Giang"
187,T187,Km163,,,,Quốc lộ 80,Bến xe Tri Tôn - Quốc lộ 80 - Bến xe Kiên Lương,,,"Huyện Kiên Lương, Tỉnh Kiên Giang"
188,T188,Km163+400,,,,Quốc lộ 80,Bến xe Tri Tôn - Quốc lộ 80 - Bến xe Kiên Lương,,,"Huyện Kiên Lương, Tỉnh Kiên Giang"
189,T189,Km164,,,,Quốc lộ 80,Bến xe Tri Tôn - Quốc lộ 80 - Bến xe Kiên Lương,,,"Huyện Kiên Lương, Tỉnh Kiên Giang"
190,T190,Trạm trước Cà phê Vườn Xoài đối diện Km165+500,,,,Quốc lộ 80,Bến xe Tri Tôn - Quốc lộ 80 - Bến xe Kiên Lương,,,"Huyện Kiên Lương, Tỉnh Kiên Giang"
191,T191,Km165,,,,Quốc lộ 80,Bến xe Tri Tôn - Quốc lộ 80 - Bến xe Kiên Lương,,,"Huyện Kiên Lương, Tỉnh Kiên Giang"
192,T192,Km165+500,,,,Quốc lộ 80,Bến xe Tri Tôn - Quốc lộ 80 - Bến xe Kiên Lương,,,"Huyện Kiên Lương, Tỉnh Kiên Giang"
193,T193,Trạm trước Phân bón Đình Trí Km165+900,,,,Quốc lộ 80,Bến xe Tri Tôn - Quốc lộ 80 - Bến xe Kiên Lương,,,"Huyện Kiên Lương, Tỉnh Kiên Giang"
194,T194,km166+700,,,,Quốc lộ 80,Bến xe Tri Tôn - Quốc lộ 80 - Bến xe Kiên Lương,,,"Huyện Kiên Lương, Tỉnh Kiên Giang"
195,T195,Gần Km167,,,,Quốc lộ 80,Bến xe Tri Tôn - Quốc lộ 80 - Bến xe Kiên Lương,,,"Huyện Kiên Lương, Tỉnh Kiên Giang"
196,T196,Trạm trước Cà phê Ba Khai gần Km167+600,,,,Quốc lộ 80,Bến xe Tri Tôn - Quốc lộ 80 - Bến xe Kiên Lương,,,"Huyện Kiên Lương, Tỉnh Kiên Giang"
197,T197,Km168,,,,Quốc lộ 80,Bến xe Tri Tôn - Quốc lộ 80 - Bến xe Kiên Lương,,,"Huyện Kiên Lương, Tỉnh Kiên Giang"
198,T198,Đối diện Km168+500,,,,Quốc lộ 80,Bến xe Tri Tôn - Quốc lộ 80 - Bến xe Kiên Lương,,,"Huyện Kiên Lương, Tỉnh Kiên Giang"
199,T199,Km169,,,,Quốc lộ 80,Bến xe Tri Tôn - Quốc lộ 80 - Bến xe Kiên Lương,,,"Huyện Kiên Lương, Tỉnh Kiên Giang"
201,T201,Trạm đối diện Tiểu học Bình Giang 2,,,,Quốc lộ 80,Bến xe Tri Tôn - Quốc lộ 80 - Bến xe Kiên Lương,,,"Huyện Kiên Lương, Tỉnh Kiên Giang"
202,T202,Trạm gần Km171,,,,Quốc lộ 80,Bến xe Tri Tôn - Quốc lộ 80 - Bến xe Kiên Lương,,,"Huyện Kiên Lương, Tỉnh Kiên Giang"
203,T203,Km171+800,,,,Quốc lộ 80,Bến xe Tri Tôn - Quốc lộ 80 - Bến xe Kiên Lương,,,"Huyện Kiên Lương, Tỉnh Kiên Giang"
204,T204,Km172+200,,,,Quốc lộ 80,Bến xe Tri Tôn - Quốc lộ 80 - Bến xe Kiên Lương,,,"Huyện Kiên Lương, Tỉnh Kiên Giang"
205,T205,Km172+500,,,,Quốc lộ 80,Bến xe Tri Tôn - Quốc lộ 80 - Bến xe Kiên Lương,,,"Huyện Kiên Lương, Tỉnh Kiên Giang"
206,T206,Km172+750,,,,Quốc lộ 80,Bến xe Tri Tôn - Quốc lộ 80 - Bến xe Kiên Lương,,,"Huyện Kiên Lương, Tỉnh Kiên Giang"
207,T207,Trạm trước VLXD Hai Thế,,,,Quốc lộ 80,Bến xe Tri Tôn - Quốc lộ 80 - Bến xe Kiên Lương,,,"Huyện Kiên Lương, Tỉnh Kiên Giang"
208,T208,Trạm trước Phèn Polomite Tân Hoàng,,,,Quốc lộ 80,Bến xe Tri Tôn - Quốc lộ 80 - Bến xe Kiên Lương,,,"Huyện Kiên Lương, Tỉnh Kiên Giang"
209,T209,Km173+750,,,,Quốc lộ 80,Bến xe Tri Tôn - Quốc lộ 80 - Bến xe Kiên Lương,,,"Huyện Kiên Lương, Tỉnh Kiên Giang"
210,T210,Km174+250,,,,Quốc lộ 80,Bến xe Tri Tôn - Quốc lộ 80 - Bến xe Kiên Lương,,,"Huyện Kiên Lương, Tỉnh Kiên Giang"
211,T211,Trạm trước Tạp hóa Ngọc Hân Km174+650,,,,Quốc lộ 80,Bến xe Tri Tôn - Quốc lộ 80 - Bến xe Kiên Lương,,,"Huyện Kiên Lương, Tỉnh Kiên Giang"
212,T212,Km175,,,,Quốc lộ 80,Bến xe Tri Tôn - Quốc lộ 80 - Bến xe Kiên Lương,,,"Huyện Kiên Lương, Tỉnh Kiên Giang"
213,T213,Km175+450,,,,Quốc lộ 80,Bến xe Tri Tôn - Quốc lộ 80 - Bến xe Kiên Lương,,,"Huyện Kiên Lương, Tỉnh Kiên Giang"
214,T214,Trạm trước Cà phê Anh Ngọc Km 175+700,,,,Quốc lộ 80,Bến xe Tri Tôn - Quốc lộ 80 - Bến xe Kiên Lương,,,"Huyện Kiên Lương, Tỉnh Kiên Giang"
215,T215,Trạm gần đối diện Trường Tiểu học Kiên Bình 1,,,,Quốc lộ 80,Bến xe Tri Tôn - Quốc lộ 80 - Bến xe Kiên Lương,,,"Huyện Kiên Lương, Tỉnh Kiên Giang"
216,T216,Km176+800,,,,Quốc lộ 80,Bến xe Tri Tôn - Quốc lộ 80 - Bến xe Kiên Lương,,,"Huyện Kiên Lương, Tỉnh Kiên Giang"
217,T217,Đối diện Km177+400,,,,Quốc lộ 80,Bến xe Tri Tôn - Quốc lộ 80 - Bến xe Kiên Lương,,,"Huyện Kiên Lương, Tỉnh Kiên Giang"
218,T218,Trạm đối diện Trường Tiểu học Kiên Bình 1,,,,Quốc lộ 80,Bến xe Tri Tôn - Quốc lộ 80 - Bến xe Kiên Lương,,,"Huyện Kiên Lương, Tỉnh Kiên Giang"
219,T219,Trạm gần Km178,,,,Quốc lộ 80,Bến xe Tri Tôn - Quốc lộ 80 - Bến xe Kiên Lương,,,"Huyện Kiên Lương, Tỉnh Kiên Giang"
220,T220,Trạm gần Km179,,,,Quốc lộ 80,Bến xe Tri Tôn - Quốc lộ 80 - Bến xe Kiên Lương,,,"Huyện Kiên Lương, Tỉnh Kiên Giang"
221,T221,Km179+400,,,,Quốc lộ 80,Bến xe Tri Tôn - Quốc lộ 80 - Bến xe Kiên Lương,,,"Huyện Kiên Lương, Tỉnh Kiên Giang"
222,T222,Trạm gần Km179+800,,,,Quốc lộ 80,Bến xe Tri Tôn - Quốc lộ 80 - Bến xe Kiên Lương,,,"Huyện Kiên Lương, Tỉnh Kiên Giang"
223,T223,Trạm đối diện Trạm QL Đường sông Kiên Lương,,,,Quốc lộ 80,Bến xe Tri Tôn - Quốc lộ 80 - Bến xe Kiên Lương,,,"Huyện Kiên Lương, Tỉnh Kiên Giang"
224,T224,Trạm gần Km181,,,,Quốc lộ 80,Bến xe Tri Tôn - Quốc lộ 80 - Bến xe Kiên Lương,,,"Huyện Kiên Lương, Tỉnh Kiên Giang"
225,T225,Km181+100,,,,Quốc lộ 80,Bến xe Tri Tôn - Quốc lộ 80 - Bến xe Kiên Lương,,,"Huyện Kiên Lương, Tỉnh Kiên Giang"
226,T226,Trạm đối diện UBND TT Kiên Lương,,,,Quốc lộ 80,Bến xe Tri Tôn - Quốc lộ 80 - Bến xe Kiên Lương,,,"Huyện Kiên Lương, Tỉnh Kiên Giang"
227,T227,Trạm gần Km136+400,,,,Quốc lộ 80,Bến xe Tri Tôn - Bến xe Rạch Giá - Nguyễn Bỉnh Khiêm - Quốc lộ 80,,,"Huyện Kiên Lương, Tỉnh Kiên Giang"
228,T228,Trạm gần Km136+676 cầu Tà Lúa,,,,Quốc lộ 80,Bến xe Tri Tôn - Bến xe Rạch Giá - Nguyễn Bỉnh Khiêm - Quốc lộ 80,,,"Huyện Kiên Lương, Tỉnh Kiên Giang"
229,T229,Trạm đối diện Km136+900,,,,Quốc lộ 80,Bến xe Tri Tôn - Bến xe Rạch Giá - Nguyễn Bỉnh Khiêm - Quốc lộ 80,,,"Huyện Kiên Lương, Tỉnh Kiên Giang"
230,T230,Trạm gần Km137+500,,,,Quốc lộ 80,Bến xe Tri Tôn - Bến xe Rạch Giá - Nguyễn Bỉnh Khiêm - Quốc lộ 80,,,"Huyện Kiên Lương, Tỉnh Kiên Giang"
231,T231,Nhà chờ trước Trường TH Sơn Kiên,,,,Quốc lộ 80,Bến xe Tri Tôn - Bến xe Rạch Giá - Nguyễn Bỉnh Khiêm - Quốc lộ 80,,,"Huyện Kiên Lương, Tỉnh Kiên Giang"
232,T232,Trạm đối diện Km138+700,,,,Quốc lộ 80,Bến xe Tri Tôn - Bến xe Rạch Giá - Nguyễn Bỉnh Khiêm - Quốc lộ 80,,,"Huyện Kiên Lương, Tỉnh Kiên Giang"
233,T233,Nhà chờ trước Trung tâm đào tạo sát hạch lái xe gần đối diện Km139,,,,Quốc lộ 80,Bến xe Tri Tôn - Bến xe Rạch Giá - Nguyễn Bỉnh Khiêm - Quốc lộ 80,,,"Huyện Kiên Lương, Tỉnh Kiên Giang"
234,T234,Trạm đối diện Km139+400,,,,Quốc lộ 80,Bến xe Tri Tôn - Bến xe Rạch Giá - Nguyễn Bỉnh Khiêm - Quốc lộ 80,,,"Huyện Kiên Lương, Tỉnh Kiên Giang"
235,T235,Trạm trước Tiểu học Sơn Kiên 1,,,,Quốc lộ 80,Bến xe Tri Tôn - Bến xe Rạch Giá - Nguyễn Bỉnh Khiêm - Quốc lộ 80,,,"Huyện Kiên Lương, Tỉnh Kiên Giang"
236,T236,Đối diện gần Km140+350,,,,Quốc lộ 80,Bến xe Tri Tôn - Bến xe Rạch Giá - Nguyễn Bỉnh Khiêm - Quốc lộ 80,,,"Huyện Kiên Lương, Tỉnh Kiên Giang"
237,T237,Đối diện gần Km141,,,,Quốc lộ 80,Bến xe Tri Tôn - Bến xe Rạch Giá - Nguyễn Bỉnh Khiêm - Quốc lộ 80,,,"Huyện Kiên Lương, Tỉnh Kiên Giang"
238,T238,Nhà chờ đối diện Km141+500,,,,Quốc lộ 80,Bến xe Tri Tôn - Bến xe Rạch Giá - Nguyễn Bỉnh Khiêm - Quốc lộ 80,,,"Huyện Kiên Lương, Tỉnh Kiên Giang"
239,T239,Trạm đối diện gần Km142,,,,Quốc lộ 80,Bến xe Tri Tôn - Bến xe Rạch Giá - Nguyễn Bỉnh Khiêm - Quốc lộ 80,,,"Huyện Kiên Lương, Tỉnh Kiên Giang"
240,T240,Trạm đối diện gần Km142+500,,,,Quốc lộ 80,Bến xe Tri Tôn - Bến xe Rạch Giá - Nguyễn Bỉnh Khiêm - Quốc lộ 80,,,"Huyện Kiên Lương, Tỉnh Kiên Giang"
241,T241,Trạm đối diện gần Km143,,,,Quốc lộ 80,Bến xe Tri Tôn - Bến xe Rạch Giá - Nguyễn Bỉnh Khiêm - Quốc lộ 80,,,"Huyện Kiên Lương, Tỉnh Kiên Giang"
242,T242,Trạm gần Km143+500,,,,Quốc lộ 80,Bến xe Tri Tôn - Bến xe Rạch Giá - Nguyễn Bỉnh Khiêm - Quốc lộ 80,,,"Huyện Kiên Lương, Tỉnh Kiên Giang"
243,T243,Trạm gần Km143+943 Cầu Kênh 9,,,,Quốc lộ 80,Bến xe Tri Tôn - Bến xe Rạch Giá - Nguyễn Bỉnh Khiêm - Quốc lộ 80,,,"Huyện Kiên Lương, Tỉnh Kiên Giang"
244,T244,Trạm gần Km144+200,,,,Quốc lộ 80,Bến xe Tri Tôn - Bến xe Rạch Giá - Nguyễn Bỉnh Khiêm - Quốc lộ 80,,,"Huyện Kiên Lương, Tỉnh Kiên Giang"
245,T245,Trạm trước Nghĩa trang Hòn Đất,,,,Quốc lộ 80,Bến xe Tri Tôn - Bến xe Rạch Giá - Nguyễn Bỉnh Khiêm - Quốc lộ 80,,,"Huyện Kiên Lương, Tỉnh Kiên Giang"
246,T246,Trạm đối diện Km145,,,,Quốc lộ 80,Bến xe Tri Tôn - Bến xe Rạch Giá - Nguyễn Bỉnh Khiêm - Quốc lộ 80,,,"Huyện Kiên Lương, Tỉnh Kiên Giang"
247,T247,Trạm đối diện Km145+500,,,,Quốc lộ 80,Bến xe Tri Tôn - Bến xe Rạch Giá - Nguyễn Bỉnh Khiêm - Quốc lộ 80,,,"Huyện Kiên Lương, Tỉnh Kiên Giang"
248,T248,Nhà chờ trước Trung tâm y tế huyện Hòn Đất,,,,Quốc lộ 80,Bến xe Tri Tôn - Bến xe Rạch Giá - Nguyễn Bỉnh Khiêm - Quốc lộ 80,,,"Huyện Kiên Lương, Tỉnh Kiên Giang"
249,T249,Trạm đối diện gần Km146 Tiệm cơm Minh Nhật,,,,Quốc lộ 80,Bến xe Tri Tôn - Bến xe Rạch Giá - Nguyễn Bỉnh Khiêm - Quốc lộ 80,,,"Huyện Kiên Lương, Tỉnh Kiên Giang"
250,T250,Trạm trước Ngân hàng Sông Kiên,,,,Quốc lộ 80,Bến xe Tri Tôn - Bến xe Rạch Giá - Nguyễn Bỉnh Khiêm - Quốc lộ 80,,,"Huyện Kiên Lương, Tỉnh Kiên Giang"
251,T251,Trạm trước Tòa án huyện Hòn Đất,,,,Quốc lộ 80,Bến xe Tri Tôn - Bến xe Rạch Giá - Nguyễn Bỉnh Khiêm - Quốc lộ 80,,,"Huyện Kiên Lương, Tỉnh Kiên Giang"
252,T252,Bến xe Hòn Đất,,,,Quốc lộ 80,Bến xe Tri Tôn - Bến xe Rạch Giá - Nguyễn Bỉnh Khiêm - Quốc lộ 80,,,"Huyện Kiên Lương, Tỉnh Kiên Giang"
253,T253,Trạm trước Nông ngư Cơ Thanh Trung,,,,Quốc lộ 80,Bến xe Kiên Lương - Quốc lộ 80 - Bến xe Tri Tôn,,,"Huyện Kiên Lương, Tỉnh Kiên Giang"
254,T254,Trạm đối diện gần Km148+650,,,,Quốc lộ 80,Bến xe Kiên Lương - Quốc lộ 80 - Bến xe Tri Tôn,,,"Huyện Kiên Lương, Tỉnh Kiên Giang"
255,T255,Đối diện Km149+200,,,,Quốc lộ 80,Bến xe Kiên Lương - Quốc lộ 80 - Bến xe Tri Tôn,,,"Huyện Kiên Lương, Tỉnh Kiên Giang"
256,T256,Trạm trước Nhà máy phân bón Thiên Giang,,,,Quốc lộ 80,Bến xe Kiên Lương - Quốc lộ 80 - Bến xe Tri Tôn,,,"Huyện Kiên Lương, Tỉnh Kiên Giang"
257,T257,Đối diện Km140+300,,,,Quốc lộ 80,Bến xe Kiên Lương - Quốc lộ 80 - Bến xe Tri Tôn,,,"Huyện Kiên Lương, Tỉnh Kiên Giang"
258,T258,Đối diện Km140+700,,,,Quốc lộ 80,Bến xe Kiên Lương - Quốc lộ 80 - Bến xe Tri Tôn,,,"Huyện Kiên Lương, Tỉnh Kiên Giang"
259,T259,Trạm gần đối diện Km151+400,,,,Quốc lộ 80,Bến xe Kiên Lương - Quốc lộ 80 - Bến xe Tri Tôn,,,"Huyện Kiên Lương, Tỉnh Kiên Giang"
260,T260,Trạm gần đối diện Km151+700,,,,Quốc lộ 80,Bến xe Kiên Lương - Quốc lộ 80 - Bến xe Tri Tôn,,,"Huyện Kiên Lương, Tỉnh Kiên Giang"
261,T261,Đối diện Km152,,,,Quốc lộ 80,Bến xe Kiên Lương - Quốc lộ 80 - Bến xe Tri Tôn,,,"Huyện Kiên Lương, Tỉnh Kiên Giang"
262,T262,Trạm gần đối diện Km152+500,,,,Quốc lộ 80,Bến xe Kiên Lương - Quốc lộ 80 - Bến xe Tri Tôn,,,"Huyện Kiên Lương, Tỉnh Kiên Giang"
263,T263,Trạm gần đối diện Km152+300,,,,Quốc lộ 80,Bến xe Kiên Lương - Quốc lộ 80 - Bến xe Tri Tôn,,,"Huyện Kiên Lương, Tỉnh Kiên Giang"
264,T264,Trạm gần đối diện Km153+500,,,,Quốc lộ 80,Bến xe Kiên Lương - Quốc lộ 80 - Bến xe Tri Tôn,,,"Huyện Kiên Lương, Tỉnh Kiên Giang"
265,T265,Trạm gần đối diện Km154,,,,Quốc lộ 80,Bến xe Kiên Lương - Quốc lộ 80 - Bến xe Tri Tôn,,,"Huyện Kiên Lương, Tỉnh Kiên Giang"
266,T266,Trạm gần đối diện Km154+300,,,,Quốc lộ 80,Bến xe Kiên Lương - Quốc lộ 80 - Bến xe Tri Tôn,,,"Huyện Kiên Lương, Tỉnh Kiên Giang"
267,T267,Trạm gần đối diện Km154+500,,,,Quốc lộ 80,Bến xe Kiên Lương - Quốc lộ 80 - Bến xe Tri Tôn,,,"Huyện Kiên Lương, Tỉnh Kiên Giang"
268,T268,Trạm gần đối diện Km155,,,,Quốc lộ 80,Bến xe Kiên Lương - Quốc lộ 80 - Bến xe Tri Tôn,,,"Huyện Kiên Lương, Tỉnh Kiên Giang"
269,T269,Trạm gần đối diện Km155+500,,,,Quốc lộ 80,Bến xe Kiên Lương - Quốc lộ 80 - Bến xe Tri Tôn,,,"Huyện Kiên Lương, Tỉnh Kiên Giang"
270,T270,Trạm trước Tiểu học Bình Sơn 3,,,,Quốc lộ 80,Bến xe Kiên Lương - Quốc lộ 80 - Bến xe Tri Tôn,,,"Huyện Kiên Lương, Tỉnh Kiên Giang"
271,T271,Trạm trước Trường Mẫu giáo Bình Sơn,,,,Quốc lộ 80,Bến xe Kiên Lương - Quốc lộ 80 - Bến xe Tri Tôn,,,"Huyện Kiên Lương, Tỉnh Kiên Giang"
272,T272,Km156+800,,,,Quốc lộ 80,Bến xe Kiên Lương - Quốc lộ 80 - Bến xe Tri Tôn,,,"Huyện Kiên Lương, Tỉnh Kiên Giang"
273,T273,Trạm gần đối diện Km157+400,,,,Quốc lộ 80,Bến xe Kiên Lương - Quốc lộ 80 - Bến xe Tri Tôn,,,"Huyện Kiên Lương, Tỉnh Kiên Giang"
274,T274,Trạm đối diện Km158,,,,Quốc lộ 80,Bến xe Kiên Lương - Quốc lộ 80 - Bến xe Tri Tôn,,,"Huyện Kiên Lương, Tỉnh Kiên Giang"
275,T275,Km158+500,,,,Quốc lộ 80,Bến xe Kiên Lương - Quốc lộ 80 - Bến xe Tri Tôn,,,"Huyện Kiên Lương, Tỉnh Kiên Giang"
276,T276,Trạm đối diện Km159,,,,Quốc lộ 80,Bến xe Kiên Lương - Quốc lộ 80 - Bến xe Tri Tôn,,,"Huyện Kiên Lương, Tỉnh Kiên Giang"
277,T277,Trạm đối diện Km159+500,,,,Quốc lộ 80,Bến xe Kiên Lương - Quốc lộ 80 - Bến xe Tri Tôn,,,"Huyện Kiên Lương, Tỉnh Kiên Giang"
278,T278,Trạm đối diện Km160,,,,Quốc lộ 80,Bến xe Kiên Lương - Quốc lộ 80 - Bến xe Tri Tôn,,,"Huyện Kiên Lương, Tỉnh Kiên Giang"
279,T279,Trạm đối diện Km160+500,,,,Quốc lộ 80,Bến xe Kiên Lương - Quốc lộ 80 - Bến xe Tri Tôn,,,"Huyện Kiên Lương, Tỉnh Kiên Giang"
280,T280,Trạm đối diện Km161,,,,Quốc lộ 80,Bến xe Kiên Lương - Quốc lộ 80 - Bến xe Tri Tôn,,,"Huyện Kiên Lương, Tỉnh Kiên Giang"
281,T281,Trạm trước Tiệm cơm Nhật Trường khu vực chợ Vàm Rẫy,,,,Quốc lộ 80,Bến xe Kiên Lương - Quốc lộ 80 - Bến xe Tri Tôn,,,"Huyện Kiên Lương, Tỉnh Kiên Giang"
282,T282,Nhà chờ trước Tiểu học Bình Sơn 1,,,,Quốc lộ 80,Bến xe Kiên Lương - Quốc lộ 80 - Bến xe Tri Tôn,,,"Huyện Kiên Lương, Tỉnh Kiên Giang"
283,T283,Trạm sau đường lên cầu Tám Ngàn,,,,Quốc lộ 80,Bến xe Kiên Lương - Quốc lộ 80 - Bến xe Tri Tôn,,,"Huyện Kiên Lương, Tỉnh Kiên Giang"
284,T284,Trạm gần đối diện Km163,,,,Quốc lộ 80,Bến xe Kiên Lương - Quốc lộ 80 - Bến xe Tri Tôn,,,"Huyện Kiên Lương, Tỉnh Kiên Giang"
285,T285,Trạm gần đối diện Km163+400,,,,Quốc lộ 80,Bến xe Kiên Lương - Quốc lộ 80 - Bến xe Tri Tôn,,,"Huyện Kiên Lương, Tỉnh Kiên Giang"
286,T286,Trạm gần đối diện Km164,,,,Quốc lộ 80,Bến xe Kiên Lương - Quốc lộ 80 - Bến xe Tri Tôn,,,"Huyện Kiên Lương, Tỉnh Kiên Giang"
287,T287,Km164+500,,,,Quốc lộ 80,Bến xe Kiên Lương - Quốc lộ 80 - Bến xe Tri Tôn,,,"Huyện Kiên Lương, Tỉnh Kiên Giang"
288,T288,Trạm gần đối diện Km165,,,,Quốc lộ 80,Bến xe Kiên Lương - Quốc lộ 80 - Bến xe Tri Tôn,,,"Huyện Kiên Lương, Tỉnh Kiên Giang"
289,T289,Trạm gần đối diện Km165+500,,,,Quốc lộ 80,Bến xe Kiên Lương - Quốc lộ 80 - Bến xe Tri Tôn,,,"Huyện Kiên Lương, Tỉnh Kiên Giang"
290,T290,Km165+900,,,,Quốc lộ 80,Bến xe Kiên Lương - Quốc lộ 80 - Bến xe Tri Tôn,,,"Huyện Kiên Lương, Tỉnh Kiên Giang"
291,T291,Nhà chờ trước UBND xã Bình Giang,,,,Quốc lộ 80,Bến xe Kiên Lương - Quốc lộ 80 - Bến xe Tri Tôn,,,"Huyện Kiên Lương, Tỉnh Kiên Giang"
292,T292,Nhà chờ trước Tiểu học Bình Giang 2,,,,Quốc lộ 80,Bến xe Kiên Lương - Quốc lộ 80 - Bến xe Tri Tôn,,,"Huyện Kiên Lương, Tỉnh Kiên Giang"
293,T293,Trạm trước Cà phê Quê Hương đối diện Km167+600,,,,Quốc lộ 80,Bến xe Kiên Lương - Quốc lộ 80 - Bến xe Tri Tôn,,,"Huyện Kiên Lương, Tỉnh Kiên Giang"
295,T295,Trạm trước Cà phê Trung Nguyên Km168+500,,,,Quốc lộ 80,Bến xe Kiên Lương - Quốc lộ 80 - Bến xe Tri Tôn,,,"Huyện Kiên Lương, Tỉnh Kiên Giang"
296,T296,Gần đối diện Km169,,,,Quốc lộ 80,Bến xe Kiên Lương - Quốc lộ 80 - Bến xe Tri Tôn,,,"Huyện Kiên Lương, Tỉnh Kiên Giang"
297,T297,Gần đối diện Km170+500,,,,Quốc lộ 80,Bến xe Kiên Lương - Quốc lộ 80 - Bến xe Tri Tôn,,,"Huyện Kiên Lương, Tỉnh Kiên Giang"
298,T298,Trạm trước Tiểu học Bình Giang 2 Điểm Ranh Hat,,,,Quốc lộ 80,Bến xe Kiên Lương - Quốc lộ 80 - Bến xe Tri Tôn,,,"Huyện Kiên Lương, Tỉnh Kiên Giang"
299,T299,Gần đối diện Km171,,,,Quốc lộ 80,Bến xe Kiên Lương - Quốc lộ 80 - Bến xe Tri Tôn,,,"Huyện Kiên Lương, Tỉnh Kiên Giang"
300,T300,Trạm trước cây xăng Hiệp Hưng,,,,Quốc lộ 80,Bến xe Kiên Lương - Quốc lộ 80 - Bến xe Tri Tôn,,,"Huyện Kiên Lương, Tỉnh Kiên Giang"
301,T301,Gần đối diện Km172+200,,,,Quốc lộ 80,Bến xe Kiên Lương - Quốc lộ 80 - Bến xe Tri Tôn,,,"Huyện Kiên Lương, Tỉnh Kiên Giang"
302,T302,Trạm trước Cà phê Hải đối diện Km172+500,,,,Quốc lộ 80,Bến xe Kiên Lương - Quốc lộ 80 - Bến xe Tri Tôn,,,"Huyện Kiên Lương, Tỉnh Kiên Giang"
303,T303,Trạm trước Tiểu học Kiên Bình 1,,,,Quốc lộ 80,Bến xe Kiên Lương - Quốc lộ 80 - Bến xe Tri Tôn,,,"Huyện Kiên Lương, Tỉnh Kiên Giang"
304,T304,Trạm trước Lò vôi Hai Thế,,,,Quốc lộ 80,Bến xe Kiên Lương - Quốc lộ 80 - Bến xe Tri Tôn,,,"Huyện Kiên Lương, Tỉnh Kiên Giang"
305,T305,Đối diện Km173+400,,,,Quốc lộ 80,Bến xe Kiên Lương - Quốc lộ 80 - Bến xe Tri Tôn,,,"Huyện Kiên Lương, Tỉnh Kiên Giang"
306,T306,Gần đối diện Km173+750,,,,Quốc lộ 80,Bến xe Kiên Lương - Quốc lộ 80 - Bến xe Tri Tôn,,,"Huyện Kiên Lương, Tỉnh Kiên Giang"
307,T307,Gần đối diện Km174+250,,,,Quốc lộ 80,Bến xe Kiên Lương - Quốc lộ 80 - Bến xe Tri Tôn,,,"Huyện Kiên Lương, Tỉnh Kiên Giang"
308,T308,Trạm trước cây xăng Hiệp Giang,,,,Quốc lộ 80,Bến xe Kiên Lương - Quốc lộ 80 - Bến xe Tri Tôn,,,"Huyện Kiên Lương, Tỉnh Kiên Giang"
309,T309,Trạm trước UBND xã Kiên Bình,,,,Quốc lộ 80,Bến xe Kiên Lương - Quốc lộ 80 - Bến xe Tri Tôn,,,"Huyện Kiên Lương, Tỉnh Kiên Giang"
310,T310,Trạm trước Tiệm cơm Thanh Thủy đối diện km175+450,,,,Quốc lộ 80,Bến xe Kiên Lương - Quốc lộ 80 - Bến xe Tri Tôn,,,"Huyện Kiên Lương, Tỉnh Kiên Giang"
311,T311,Trạm gần đối diện Km176,,,,Quốc lộ 80,Bến xe Kiên Lương - Quốc lộ 80 - Bến xe Tri Tôn,,,"Huyện Kiên Lương, Tỉnh Kiên Giang"
312,T312,Trạm trước Trường Tiểu học Kiên Bình 1,,,,Quốc lộ 80,Bến xe Kiên Lương - Quốc lộ 80 - Bến xe Tri Tôn,,,"Huyện Kiên Lương, Tỉnh Kiên Giang"
313,T313,Đối diện Km176+800,,,,Quốc lộ 80,Bến xe Kiên Lương - Quốc lộ 80 - Bến xe Tri Tôn,,,"Huyện Kiên Lương, Tỉnh Kiên Giang"
314,T314,Km177+400,,,,Quốc lộ 80,Bến xe Kiên Lương - Quốc lộ 80 - Bến xe Tri Tôn,,,"Huyện Kiên Lương, Tỉnh Kiên Giang"
315,T315,Nhà chờ trước Trường Tiểu học Kiên Bình 1,,,,Quốc lộ 80,Bến xe Kiên Lương - Quốc lộ 80 - Bến xe Tri Tôn,,,"Huyện Kiên Lương, Tỉnh Kiên Giang"
316,T316,Đối diện Km178,,,,Quốc lộ 80,Bến xe Kiên Lương - Quốc lộ 80 - Bến xe Tri Tôn,,,"Huyện Kiên Lương, Tỉnh Kiên Giang"
317,T317,Trạm đối diện Km178+600,,,,Quốc lộ 80,Bến xe Kiên Lương - Quốc lộ 80 - Bến xe Tri Tôn,,,"Huyện Kiên Lương, Tỉnh Kiên Giang"
318,T318,Trạm đối diện Km179+400,,,,Quốc lộ 80,Bến xe Kiên Lương - Quốc lộ 80 - Bến xe Tri Tôn,,,"Huyện Kiên Lương, Tỉnh Kiên Giang"
319,T319,Trạm đối diện Km179+800,,,,Quốc lộ 80,Bến xe Kiên Lương - Quốc lộ 80 - Bến xe Tri Tôn,,,"Huyện Kiên Lương, Tỉnh Kiên Giang"
320,T320,Trạm trước Trạm QL Đường sông Kiên Lương,,,,Quốc lộ 80,Bến xe Kiên Lương - Quốc lộ 80 - Bến xe Tri Tôn,,,"Huyện Kiên Lương, Tỉnh Kiên Giang"
321,T321,Trạm gần Bưu điện Kiên Lương,,,,Quốc lộ 80,Bến xe Kiên Lương - Quốc lộ 80 - Bến xe Tri Tôn,,,"Huyện Kiên Lương, Tỉnh Kiên Giang"
322,T322,Trước Xăng dầu số 2,,,,Quốc lộ 80,Bến xe Kiên Lương - Quốc lộ 80 - Bến xe Tri Tôn,,,"Huyện Kiên Lương, Tỉnh Kiên Giang"
323,T323,Trạm trước UBND TT Kiên Lương,,,,Quốc lộ 80,Bến xe Kiên Lương - Quốc lộ 80 - Bến xe Tri Tôn,,,"Huyện Kiên Lương, Tỉnh Kiên Giang"
